Region;Model - Scenario;Variable;Unit;2005;2010;2020;2030;2040;2050;2060;2070;2080;2090;2100
R5.2ASIA;AIM/CGE - SSP3-34;Emissions|Kyoto Gases;Mt CO2-equiv/yr;15994.996;17696.128;22807.652;26351.53;17453.392;12641.707;9884.855;7250.336;5008.96;3545.109;2484.158
R5.2ASIA;AIM/CGE - SSP3-45;Emissions|Kyoto Gases;Mt CO2-equiv/yr;15994.996;17696.128;22832.624;26434.474;21714.911;18621.041;13597.504;11188.042;9784.081;8244.816;6428.883
R5.2ASIA;AIM/CGE - SSP3-60;Emissions|Kyoto Gases;Mt CO2-equiv/yr;15994.996;17696.128;22839.53;26470.275;24439.521;23649.169;23847.104;21967.359;19279.769;17870.346;17064.181
R5.2ASIA;AIM/CGE - SSP3-Baseline;Emissions|Kyoto Gases;Mt CO2-equiv/yr;15994.996;17719.756;22988.178;27716.915;30836.65;33330.716;35205.802;37054.058;38666.61;40365.343;42074.772
R5.2ASIA;IMAGE - SSP1-26;Emissions|Kyoto Gases;Mt CO2-equiv/yr;14767.074;19034.541;21872.206;20187.927;14571.276;10101.732;6557.381;4411.141;1327.911;65.466;-23.037
R5.2ASIA;IMAGE - SSP1-34;Emissions|Kyoto Gases;Mt CO2-equiv/yr;14767.074;19034.541;23021.18;24072.483;22521.29;19752.429;15976.198;11423.124;6004.169;1295.672;552.281
R5.2ASIA;IMAGE - SSP1-45;Emissions|Kyoto Gases;Mt CO2-equiv/yr;14767.074;19034.541;23057.639;25169.505;25925.76;25528.262;23380.475;19284.025;13619.155;10021.434;7819.735
R5.2ASIA;IMAGE - SSP1-Baseline;Emissions|Kyoto Gases;Mt CO2-equiv/yr;14767.073;19034.541;23241.838;25977.839;27270.082;27213.003;26744.61;25046.355;20662.984;17732.075;16062.724
R5.2ASIA;MESSAGE-GLOBIOM - SSP2-26;Emissions|Kyoto Gases;Mt CO2-equiv/yr;14700.667;17948.16;20761.569;17582.134;14360.034;10615.424;7928.709;4872.789;3566.764;2568.271;1889.92
R5.2ASIA;MESSAGE-GLOBIOM - SSP2-34;Emissions|Kyoto Gases;Mt CO2-equiv/yr;14700.676;17948.169;20716.688;21861.345;19774.378;17359.327;13880.935;10338.043;7659.947;5505.545;4303.101
R5.2ASIA;MESSAGE-GLOBIOM - SSP2-45;Emissions|Kyoto Gases;Mt CO2-equiv/yr;14700.669;17948.187;20969.876;23197.06;22997.499;22214.802;20916.64;18297.133;14378.958;10095.599;7595.216
R5.2ASIA;MESSAGE-GLOBIOM - SSP2-60;Emissions|Kyoto Gases;Mt CO2-equiv/yr;14700.616;17948.147;21060.342;24537.51;26174.566;27844.765;29229.817;29881.736;28908.885;27448.605;24900.425
R5.2ASIA;MESSAGE-GLOBIOM - SSP2-Baseline;Emissions|Kyoto Gases;Mt CO2-equiv/yr;14700.231;17948.282;21208.956;25076.142;27437.536;30413.524;33113.493;36042.741;38793.059;39351.758;39507.993
R5.2ASIA;REMIND-MAGPIE - SSP5-26;Emissions|Kyoto Gases;Mt CO2-equiv/yr;16919;19059;22495;22483;18159;12540;5729;1988.4;-227.2;-1865.67;-2514
R5.2ASIA;REMIND-MAGPIE - SSP5-34;Emissions|Kyoto Gases;Mt CO2-equiv/yr;16919;19059;22495;23743;21196;17276;12823;8020;3992.5;486.2;-1050.5
R5.2ASIA;REMIND-MAGPIE - SSP5-45;Emissions|Kyoto Gases;Mt CO2-equiv/yr;16919;19059;22509;24407;23347;20723;16663;12597;9412;5814.3;4348.6
R5.2ASIA;REMIND-MAGPIE - SSP5-60;Emissions|Kyoto Gases;Mt CO2-equiv/yr;16919;19059;22517;26754;28966;29152;27275;23227;18909;15338;13296
R5.2ASIA;REMIND-MAGPIE - SSP5-Baseline;Emissions|Kyoto Gases;Mt CO2-equiv/yr;16919;19059;23407;29307;36078;42423;48660;53960;56690;54510;49720
R5.2LAM;AIM/CGE - SSP3-34;Emissions|Kyoto Gases;Mt CO2-equiv/yr;3942.07;4188.821;4992.062;5512.619;3932.511;3008.142;2661.114;2058.029;1617.466;1237.966;980.692
R5.2LAM;AIM/CGE - SSP3-45;Emissions|Kyoto Gases;Mt CO2-equiv/yr;3942.07;4188.821;4997.1;5535.625;4738.623;4381.898;3684.711;3422.026;3232.384;2829.464;2433.95
R5.2LAM;AIM/CGE - SSP3-60;Emissions|Kyoto Gases;Mt CO2-equiv/yr;3942.07;4188.821;4997.946;5548.564;5153.854;5206.12;5844.051;5736.048;5595.376;5640.324;5689.76
R5.2LAM;AIM/CGE - SSP3-Baseline;Emissions|Kyoto Gases;Mt CO2-equiv/yr;3942.07;4188.762;5018.334;5611.722;6070.04;6510.036;7083.652;7665.314;8289.316;8936.009;9554.712
R5.2LAM;IMAGE - SSP1-26;Emissions|Kyoto Gases;Mt CO2-equiv/yr;4613.016;4952.276;4684.451;3703.043;3161.771;2359.319;1695.915;915.303;44.733;-409.584;-521.136
R5.2LAM;IMAGE - SSP1-34;Emissions|Kyoto Gases;Mt CO2-equiv/yr;4613.016;4952.276;4924.561;4250.508;4403.93;3662.927;3036.806;1896.085;888.326;-7.406;-521.984
R5.2LAM;IMAGE - SSP1-45;Emissions|Kyoto Gases;Mt CO2-equiv/yr;4613.016;4952.276;4938.822;4434.816;4801.44;4647.013;4282.376;3371.938;2452.206;1758.323;1226.406
R5.2LAM;IMAGE - SSP1-Baseline;Emissions|Kyoto Gases;Mt CO2-equiv/yr;4613.016;4952.276;5007.186;5103.946;5808.634;5440.916;5168.469;4509.41;3795.709;3116.698;2589.524
R5.2LAM;MESSAGE-GLOBIOM - SSP2-26;Emissions|Kyoto Gases;Mt CO2-equiv/yr;6914.003;6682.414;5069.7;2819.807;2362.115;1293.587;382.791;-1101.485;-3466.405;-4340.94;-4608.871
R5.2LAM;MESSAGE-GLOBIOM - SSP2-34;Emissions|Kyoto Gases;Mt CO2-equiv/yr;6914.003;6682.414;5534.435;3687.374;3472.103;3032.588;1730.619;144.608;-1625.045;-3174.582;-3924.063
R5.2LAM;MESSAGE-GLOBIOM - SSP2-45;Emissions|Kyoto Gases;Mt CO2-equiv/yr;6914.003;6682.417;6370.905;5781.24;4888.36;4220.987;3428.624;2429.728;753.979;-500.521;-1063.924
R5.2LAM;MESSAGE-GLOBIOM - SSP2-60;Emissions|Kyoto Gases;Mt CO2-equiv/yr;6914.003;6682.411;6837.631;6654.566;6891.699;6709.259;6061.158;5760.489;6241.356;7871.541;7727.278
R5.2LAM;MESSAGE-GLOBIOM - SSP2-Baseline;Emissions|Kyoto Gases;Mt CO2-equiv/yr;6914.003;6682.385;6847.616;6686.966;6985.431;7068.725;7068.663;7393.062;8628.631;10343.099;10998.888
R5.2LAM;REMIND-MAGPIE - SSP5-26;Emissions|Kyoto Gases;Mt CO2-equiv/yr;3773;4684;4865;5733;4888;2647;2019;679.9;-392.4;-1108;-1592
R5.2LAM;REMIND-MAGPIE - SSP5-34;Emissions|Kyoto Gases;Mt CO2-equiv/yr;3773;4684;4865;5840;5218;3716;2873;1707;445;-382.2;-1219
R5.2LAM;REMIND-MAGPIE - SSP5-45;Emissions|Kyoto Gases;Mt CO2-equiv/yr;3773;4684;4865;5939;5516;4251;3118;2059;1226;702.4;797.7
R5.2LAM;REMIND-MAGPIE - SSP5-60;Emissions|Kyoto Gases;Mt CO2-equiv/yr;3773;4684;4865;6080;6134;5701;5627;5337;4758;4058;3847
R5.2LAM;REMIND-MAGPIE - SSP5-Baseline;Emissions|Kyoto Gases;Mt CO2-equiv/yr;3773;4685;8262;7328;7086;7217;7668;8324;8614;8194;7793
R5.2MAF;AIM/CGE - SSP3-34;Emissions|Kyoto Gases;Mt CO2-equiv/yr;5146.142;7776.866;10065.886;11500.226;8448.499;7257.422;7373.218;6222.226;5650.666;4826.921;4534.062
R5.2MAF;AIM/CGE - SSP3-45;Emissions|Kyoto Gases;Mt CO2-equiv/yr;5146.142;7776.866;10083.062;11502.333;10375.995;10004.81;9255.918;9270.477;8988.397;8062.206;7341.735
R5.2MAF;AIM/CGE - SSP3-60;Emissions|Kyoto Gases;Mt CO2-equiv/yr;5146.142;7776.866;10088.973;11517.352;11404.618;11978.908;13660.96;13754.242;13640.27;13834.409;14325.499
R5.2MAF;AIM/CGE - SSP3-Baseline;Emissions|Kyoto Gases;Mt CO2-equiv/yr;5146.142;7784.96;10108.104;11629.021;13373.966;15401.038;17785.246;20019.168;22661.43;26069.473;30122.985
R5.2MAF;IMAGE - SSP1-26;Emissions|Kyoto Gases;Mt CO2-equiv/yr;4860.807;5246.836;5896.417;5827.669;4980.927;4243.003;4174.301;3567.941;2428.823;1327.303;993.857
R5.2MAF;IMAGE - SSP1-34;Emissions|Kyoto Gases;Mt CO2-equiv/yr;4860.807;5246.835;6282.345;6847.74;6645.836;6675.914;6920.007;6003.486;4594.891;2198.975;1022.988
R5.2MAF;IMAGE - SSP1-45;Emissions|Kyoto Gases;Mt CO2-equiv/yr;4860.807;5246.835;6443.985;7487.531;7656.664;8130.549;8692.404;8757.541;7799.638;5857.88;4390.736
R5.2MAF;IMAGE - SSP1-Baseline;Emissions|Kyoto Gases;Mt CO2-equiv/yr;4860.807;5246.835;6569.606;8419.764;8814.641;9061.86;10000.259;11035.664;11358.255;10482.854;9225.017
R5.2MAF;MESSAGE-GLOBIOM - SSP2-26;Emissions|Kyoto Gases;Mt CO2-equiv/yr;5873.081;6539.781;7467.044;6910.588;6165.742;4943.624;3646.191;2043.713;1042.027;650.651;547.981
R5.2MAF;MESSAGE-GLOBIOM - SSP2-34;Emissions|Kyoto Gases;Mt CO2-equiv/yr;5873.081;6539.785;7438.956;7635.606;7809.49;7696.491;6487.873;5138.518;4268.493;3962.875;3392.801
R5.2MAF;MESSAGE-GLOBIOM - SSP2-45;Emissions|Kyoto Gases;Mt CO2-equiv/yr;5873.081;6539.787;7438.842;8552.167;9414.156;9866.409;10140.484;10220.408;9473.924;7886.495;6789.157
R5.2MAF;MESSAGE-GLOBIOM - SSP2-60;Emissions|Kyoto Gases;Mt CO2-equiv/yr;5873.081;6539.798;7461.099;8909.838;10647.833;12229.72;13660.894;14330.643;15651.106;16588.168;17559.852
R5.2MAF;MESSAGE-GLOBIOM - SSP2-Baseline;Emissions|Kyoto Gases;Mt CO2-equiv/yr;5873.081;6539.638;7479.462;9043.008;10964.826;12827.178;15134.163;16746.612;20226.292;24044.359;27621.99
R5.2MAF;REMIND-MAGPIE - SSP5-26;Emissions|Kyoto Gases;Mt CO2-equiv/yr;5319;6280;8711;9432;9432;8577;5039.9;2558.3;-87;-1918.8;-2798.2
R5.2MAF;REMIND-MAGPIE - SSP5-34;Emissions|Kyoto Gases;Mt CO2-equiv/yr;5319;6280;8713;9848;10660;10713;9991;8046;4875.6;1099;-1043
R5.2MAF;REMIND-MAGPIE - SSP5-45;Emissions|Kyoto Gases;Mt CO2-equiv/yr;5319;6280;8718;9890;11257;11920;11756;11249;10393;8698;7761
R5.2MAF;REMIND-MAGPIE - SSP5-60;Emissions|Kyoto Gases;Mt CO2-equiv/yr;5319;6280;8721;10647;13445;15227;16139;16587;15962;13942;12998
R5.2MAF;REMIND-MAGPIE - SSP5-Baseline;Emissions|Kyoto Gases;Mt CO2-equiv/yr;5319;6280;8836;15215;20012;24588;29200;35190;40390;42600;42740
R5.2OECD;AIM/CGE - SSP3-34;Emissions|Kyoto Gases;Mt CO2-equiv/yr;16268.059;17466.087;17564.342;13857.824;10805.256;8267.703;6185.035;3989.439;2219.062;769.974;-306.328
R5.2OECD;AIM/CGE - SSP3-45;Emissions|Kyoto Gases;Mt CO2-equiv/yr;16268.059;17466.087;17735.66;16873.265;14466.772;12103.557;8756.225;6648.344;5386.796;3956.702;2517.088
R5.2OECD;AIM/CGE - SSP3-60;Emissions|Kyoto Gases;Mt CO2-equiv/yr;16268.059;17466.087;17798.088;17263.712;16339.133;15579.755;15344.134;13207.137;10970.386;9138.377;7865.588
R5.2OECD;AIM/CGE - SSP3-Baseline;Emissions|Kyoto Gases;Mt CO2-equiv/yr;16268.059;17574.822;19611.471;20468.05;21155.471;21658.908;22071.272;22459.003;22551.08;22527.961;22413.03
R5.2OECD;IMAGE - SSP1-26;Emissions|Kyoto Gases;Mt CO2-equiv/yr;16322.65;14851.341;13645.616;10607.893;7955.657;5637.994;3149.096;734.903;-1729.683;-4278.03;-3929.082
R5.2OECD;IMAGE - SSP1-34;Emissions|Kyoto Gases;Mt CO2-equiv/yr;16322.65;14851.341;14250.764;12356.643;10644.898;9070.643;7683.222;5280.621;2183.103;-980.929;-2795.18
R5.2OECD;IMAGE - SSP1-45;Emissions|Kyoto Gases;Mt CO2-equiv/yr;16322.65;14851.341;14263.282;12625.808;11853.406;11122.738;10261.872;8739.533;6757.607;4676.985;2646.929
R5.2OECD;IMAGE - SSP1-Baseline;Emissions|Kyoto Gases;Mt CO2-equiv/yr;16322.65;14851.341;14442.949;12938.435;12466.164;11888.731;11574.246;10765.929;9803.542;8927.607;8266.139
R5.2OECD;MESSAGE-GLOBIOM - SSP2-26;Emissions|Kyoto Gases;Mt CO2-equiv/yr;17342.374;16211.843;15725.576;12930.891;9982.509;7195.267;4949.561;3099.735;1665.145;535.85;-334.294
R5.2OECD;MESSAGE-GLOBIOM - SSP2-34;Emissions|Kyoto Gases;Mt CO2-equiv/yr;17342.378;16211.819;15759.911;14623.88;13354.85;11901.171;9603.03;7256.823;5279.558;3513.028;2425.028
R5.2OECD;MESSAGE-GLOBIOM - SSP2-45;Emissions|Kyoto Gases;Mt CO2-equiv/yr;17342.378;16211.811;15777.695;15127.677;14572.775;14158.102;12961.822;11380.083;9809.196;7130.823;5392.012
R5.2OECD;MESSAGE-GLOBIOM - SSP2-60;Emissions|Kyoto Gases;Mt CO2-equiv/yr;17342.378;16211.811;15812.856;15624.537;16309.063;16821.82;16412.126;15676.635;15172.978;15101.113;15250.315
R5.2OECD;MESSAGE-GLOBIOM - SSP2-Baseline;Emissions|Kyoto Gases;Mt CO2-equiv/yr;17340.965;16212.662;16376.68;16584.571;17403.819;18292.563;18908.46;19703.309;21194.759;22276.515;22346.523
R5.2OECD;REMIND-MAGPIE - SSP5-26;Emissions|Kyoto Gases;Mt CO2-equiv/yr;19236;17605;15997;16236;14256.7;9696.3;3143.2;-627.14;-2709.9;-4095.28;-4751.1
R5.2OECD;REMIND-MAGPIE - SSP5-34;Emissions|Kyoto Gases;Mt CO2-equiv/yr;19236;17605;16039;16865;16561;14368.7;11188.2;6202;1643.26;-1796.3;-2909.6
R5.2OECD;REMIND-MAGPIE - SSP5-45;Emissions|Kyoto Gases;Mt CO2-equiv/yr;19236;17605;16093;17236;17542;16352;14554.2;12048.4;10515.6;9218.6;9440.8
R5.2OECD;REMIND-MAGPIE - SSP5-60;Emissions|Kyoto Gases;Mt CO2-equiv/yr;19236;17605;16122;18010;19984;21420;22132;21461;20275;18564;17819
R5.2OECD;REMIND-MAGPIE - SSP5-Baseline;Emissions|Kyoto Gases;Mt CO2-equiv/yr;19236;17612;17487;20610;24832;29812;35877;40306;43760;44301;44101
R5.2REF;AIM/CGE - SSP3-34;Emissions|Kyoto Gases;Mt CO2-equiv/yr;4004.642;4254.498;4771.872;5236.823;3223.115;1802.329;1028.796;310.797;-205.169;-658.034;-1019.85
R5.2REF;AIM/CGE - SSP3-45;Emissions|Kyoto Gases;Mt CO2-equiv/yr;4004.642;4254.498;4775.65;5244.713;4216.487;3192.407;1900.389;1233.958;929.391;552.344;60.195
R5.2REF;AIM/CGE - SSP3-60;Emissions|Kyoto Gases;Mt CO2-equiv/yr;4004.642;4254.498;4776.938;5253.624;4701.32;4239.817;4163.288;3705.406;3113.623;2705.22;2328.698
R5.2REF;AIM/CGE - SSP3-Baseline;Emissions|Kyoto Gases;Mt CO2-equiv/yr;4004.642;4253.719;4766.134;5245.044;5589.221;5675.316;5747.671;5903.107;6116.475;6338.562;6567.78
R5.2REF;IMAGE - SSP1-26;Emissions|Kyoto Gases;Mt CO2-equiv/yr;3369.093;3394.493;3514.517;3077.011;2332.647;1747.055;1108.288;682.182;-7.529;-311.142;-138.772
R5.2REF;IMAGE - SSP1-34;Emissions|Kyoto Gases;Mt CO2-equiv/yr;3369.093;3394.493;3722.351;3669.218;3250.72;2739.051;2115.788;1452.258;841.669;137.347;-23.015
R5.2REF;IMAGE - SSP1-45;Emissions|Kyoto Gases;Mt CO2-equiv/yr;3369.093;3394.493;3733.686;3850.708;3764.113;3376.847;2829.051;2202.659;1566.227;1221.164;820.894
R5.2REF;IMAGE - SSP1-Baseline;Emissions|Kyoto Gases;Mt CO2-equiv/yr;3369.093;3394.492;3729.692;4030.893;4118.75;3749.215;3305.046;2777.82;2222.619;1943.421;1479.513
R5.2REF;MESSAGE-GLOBIOM - SSP2-26;Emissions|Kyoto Gases;Mt CO2-equiv/yr;3507.115;3518.303;3620.564;2965.654;2421.841;1716.687;1169.546;767.557;449.33;236.793;91.158
R5.2REF;MESSAGE-GLOBIOM - SSP2-34;Emissions|Kyoto Gases;Mt CO2-equiv/yr;3507.116;3518.277;3623.909;3399.022;3017.56;2807.019;2251.635;1827.351;1267.854;849.547;651.921
R5.2REF;MESSAGE-GLOBIOM - SSP2-45;Emissions|Kyoto Gases;Mt CO2-equiv/yr;3507.116;3518.272;3624.839;3628.404;3518.574;3486.571;3211.209;2813.418;2277.282;1643.966;1223.839
R5.2REF;MESSAGE-GLOBIOM - SSP2-60;Emissions|Kyoto Gases;Mt CO2-equiv/yr;3507.116;3518.287;3624.3;3769.823;3886.874;4160.382;4087.264;3841.255;3449.184;3115.038;3336.468
R5.2REF;MESSAGE-GLOBIOM - SSP2-Baseline;Emissions|Kyoto Gases;Mt CO2-equiv/yr;3507.117;3517.868;3627.504;3799.395;4036.617;4314.248;4307.189;4219.356;4346.635;4522.703;5060.22
R5.2REF;REMIND-MAGPIE - SSP5-26;Emissions|Kyoto Gases;Mt CO2-equiv/yr;2322;2314;2438;2143;1870;1660;1239;761.2;613.3;436.8;232.8
R5.2REF;REMIND-MAGPIE - SSP5-34;Emissions|Kyoto Gases;Mt CO2-equiv/yr;2322;2314;2438;2378;2152;1930;1573;1209;824.5;420;137.3
R5.2REF;REMIND-MAGPIE - SSP5-45;Emissions|Kyoto Gases;Mt CO2-equiv/yr;2322;2314;2438;2431;2234;2020;1861;1712;1610;1421;1190
R5.2REF;REMIND-MAGPIE - SSP5-60;Emissions|Kyoto Gases;Mt CO2-equiv/yr;2322;2314;2438;2656;2692;2640;2604;2540;2355;2003;1666
R5.2REF;REMIND-MAGPIE - SSP5-Baseline;Emissions|Kyoto Gases;Mt CO2-equiv/yr;2322;2314;2412;2830;3365;3903;4530;5030;5033;4644;4141
R5.2ASIA;AIM/CGE - SSP1-26;Emissions|Kyoto Gases;Mt CO2-equiv/yr;15994.996;16509.251;18489.99;13667.549;8941.272;6843.966;5001.634;3131.142;2253.45;1536.288;1160.919
R5.2ASIA;AIM/CGE - SSP1-34;Emissions|Kyoto Gases;Mt CO2-equiv/yr;15994.996;16509.251;18491.311;16566.77;14564.481;12159.375;9384.872;7280.394;5808.041;4614.692;3739.012
R5.2ASIA;AIM/CGE - SSP1-45;Emissions|Kyoto Gases;Mt CO2-equiv/yr;15994.996;16509.251;18530.882;18656.045;19856.367;18233.87;15374.7;12627.491;9935.692;7809.981;6297.692
R5.2ASIA;AIM/CGE - SSP1-Baseline;Emissions|Kyoto Gases;Mt CO2-equiv/yr;15994.996;16534.863;18661.035;20944.909;21790.879;21445.433;20324.872;17815.331;15636.841;13825.395;12534.518
R5.2ASIA;AIM/CGE - SSP2-26;Emissions|Kyoto Gases;Mt CO2-equiv/yr;15994.996;17455.306;21367.886;13958.297;9360.458;6289.274;4633.659;2728.708;1836.622;1123.354;610.933
R5.2ASIA;AIM/CGE - SSP2-34;Emissions|Kyoto Gases;Mt CO2-equiv/yr;15994.996;17455.306;21423.155;17845.98;14744.302;11337.328;8423.134;6630.482;5183.335;4096.791;3092.822
R5.2ASIA;AIM/CGE - SSP2-45;Emissions|Kyoto Gases;Mt CO2-equiv/yr;15994.996;17455.306;21416.553;21604.388;21560.39;18798.11;14886.748;11636.665;8812.322;6947.06;5528.147
R5.2ASIA;AIM/CGE - SSP2-60;Emissions|Kyoto Gases;Mt CO2-equiv/yr;15994.996;17455.306;21434.103;22779.828;23595.613;23665.633;21677.86;20037.933;18387.344;17277.146;16311.072
R5.2ASIA;AIM/CGE - SSP2-Baseline;Emissions|Kyoto Gases;Mt CO2-equiv/yr;15994.996;17481.393;21576.895;25004.78;27750.131;29116.333;28644.968;28173.773;27804.827;27931.779;27775.376
R5.2ASIA;AIM/CGE - SSP4-26;Emissions|Kyoto Gases;Mt CO2-equiv/yr;15994.996;17674.521;22032.202;16164.019;11040.672;7915.203;5377.349;3312.883;1926.214;989.258;364.257
R5.2ASIA;AIM/CGE - SSP4-34;Emissions|Kyoto Gases;Mt CO2-equiv/yr;15994.996;17674.521;22087.474;19889.796;17125.203;14076.028;10685.689;7879.732;5886.624;4500.433;3425.739
R5.2ASIA;AIM/CGE - SSP4-45;Emissions|Kyoto Gases;Mt CO2-equiv/yr;15994.996;17674.521;22080.871;23298.42;23847.766;21135.607;16892.672;13528.405;10701.679;8890.097;7220.899
R5.2ASIA;AIM/CGE - SSP4-Baseline;Emissions|Kyoto Gases;Mt CO2-equiv/yr;15994.996;17700.822;22246.32;26074.058;27470.446;25949.838;23177.105;20600.523;19257.48;18516.855;17731.471
R5.2ASIA;AIM/CGE - SSP5-26;Emissions|Kyoto Gases;Mt CO2-equiv/yr;15994.996;17204.782;20763.09;15109.65;10834.709;6901.917;4386.772;2270.525;1004.709;-71.772;-970.809
R5.2ASIA;AIM/CGE - SSP5-34;Emissions|Kyoto Gases;Mt CO2-equiv/yr;15994.996;17204.782;20807.918;18701.85;16434.863;12470.288;8813.564;6126.925;4166.88;2568.064;1188.666
R5.2ASIA;AIM/CGE - SSP5-45;Emissions|Kyoto Gases;Mt CO2-equiv/yr;15994.996;17204.782;20832.891;21128.043;20117.14;16417.124;12342.74;9708.639;7959.378;5408.766;3424.61
R5.2ASIA;AIM/CGE - SSP5-60;Emissions|Kyoto Gases;Mt CO2-equiv/yr;15994.996;17204.782;20839.797;21661.686;21875.403;19867.556;17273.996;15445.31;13938.712;12197.849;10463.36
R5.2ASIA;AIM/CGE - SSP5-Baseline;Emissions|Kyoto Gases;Mt CO2-equiv/yr;15994.996;17229.442;20980.656;26186.655;30925.216;33832.754;34964.317;35573.254;35330.768;34402.599;32648.249
R5.2ASIA;IMAGE - SSP2-26;Emissions|Kyoto Gases;Mt CO2-equiv/yr;14772.057;19267.786;23266.974;18052.865;10878.219;6923.897;4895.45;3440.773;1674.971;702.888;-45.604
R5.2ASIA;IMAGE - SSP2-34;Emissions|Kyoto Gases;Mt CO2-equiv/yr;14772.057;19267.786;24070.378;22341.267;18518.86;14827.641;11413.191;8753.508;6092.97;3433.979;1935.333
R5.2ASIA;IMAGE - SSP2-45;Emissions|Kyoto Gases;Mt CO2-equiv/yr;14772.057;19267.786;24556.51;26555.977;25240.334;22637.636;19917.489;16300.054;11329.973;8445.276;7770.251
R5.2ASIA;IMAGE - SSP2-60;Emissions|Kyoto Gases;Mt CO2-equiv/yr;14772.057;19267.786;24785.262;28589.112;30340.684;31639.245;31671.927;30652.178;26940.13;23650.111;22645.301
R5.2ASIA;IMAGE - SSP2-Baseline;Emissions|Kyoto Gases;Mt CO2-equiv/yr;14772.057;19267.784;24835.453;29206.467;31442.271;33547.949;35360.526;36356.253;36318.768;36593.884;37535.614
R5.2ASIA;IMAGE - SSP3-34;Emissions|Kyoto Gases;Mt CO2-equiv/yr;14741.055;19286.803;24783.385;23080.973;17122.034;9291.209;7041.361;6375.358;5715.309;4683.433;4150.88
R5.2ASIA;IMAGE - SSP3-45;Emissions|Kyoto Gases;Mt CO2-equiv/yr;14741.055;19286.803;24987.984;25598.224;23949.076;20302.843;17213.028;14328.023;10690.072;8715.241;8056.092
R5.2ASIA;IMAGE - SSP3-60;Emissions|Kyoto Gases;Mt CO2-equiv/yr;14741.055;19286.803;25400.276;29052.534;31070.119;31097.099;31195.8;28812.413;24737.181;20787.478;18268.014
R5.2ASIA;IMAGE - SSP3-Baseline;Emissions|Kyoto Gases;Mt CO2-equiv/yr;14741.055;19286.803;25392.084;29788.051;32466.548;34606.475;35909.708;37115.198;38129.853;39394.696;41686.875
R5.2ASIA;MESSAGE-GLOBIOM - SSP1-26;Emissions|Kyoto Gases;Mt CO2-equiv/yr;14701.956;18009.437;19927.032;18874.942;16810.901;12749.434;8765.264;4656.637;2444.315;316.254;-1292.696
R5.2ASIA;MESSAGE-GLOBIOM - SSP1-34;Emissions|Kyoto Gases;Mt CO2-equiv/yr;14701.956;18009.441;20096.975;21751.144;20259.61;18641.853;15364.279;10906.564;6562.476;3223.281;1048.867
R5.2ASIA;MESSAGE-GLOBIOM - SSP1-45;Emissions|Kyoto Gases;Mt CO2-equiv/yr;14701.956;18009.485;20205.973;22877.307;22329.941;22038.495;21956.404;19218.24;15337.262;10186.875;6541.66
R5.2ASIA;MESSAGE-GLOBIOM - SSP1-Baseline;Emissions|Kyoto Gases;Mt CO2-equiv/yr;14699.654;18008.96;20394.791;23362.52;24269.143;25289.956;26929.329;27795.585;27056.747;27831.732;27666.349
R5.2ASIA;MESSAGE-GLOBIOM - SSP3-34;Emissions|Kyoto Gases;Mt CO2-equiv/yr;14709.646;18041.602;25731.139;26461.124;17803.15;14263.436;11092.961;8679.297;7375.388;6347.484;5816.496
R5.2ASIA;MESSAGE-GLOBIOM - SSP3-45;Emissions|Kyoto Gases;Mt CO2-equiv/yr;14706.616;18056.101;25955.54;29506.93;25249.201;20987.802;16783.769;13449.742;11407.354;10002.493;9861.379
R5.2ASIA;MESSAGE-GLOBIOM - SSP3-60;Emissions|Kyoto Gases;Mt CO2-equiv/yr;14706.674;18069.702;26648.098;33464.357;34802.308;33845.768;30084.543;25013.745;21603.017;21154.394;20967.075
R5.2ASIA;MESSAGE-GLOBIOM - SSP3-Baseline;Emissions|Kyoto Gases;Mt CO2-equiv/yr;14706.784;18082.006;27983.679;35591.272;41080.133;44683.006;48307.558;52435.887;60918.155;70364.743;78947.128
R5.2ASIA;REMIND-MAGPIE - SSP1-26;Emissions|Kyoto Gases;Mt CO2-equiv/yr;16921;18989;20926;18226;15327;11666;6841;2925.8;1010.3;-316.9;-1037
R5.2ASIA;REMIND-MAGPIE - SSP1-34;Emissions|Kyoto Gases;Mt CO2-equiv/yr;16921;18989;20950;22478;22518;19733;15352;9872;5195;2236.8;543.5
R5.2ASIA;REMIND-MAGPIE - SSP1-45;Emissions|Kyoto Gases;Mt CO2-equiv/yr;16921;18989;20950;23928;26184;25043;21714;17248;12528;8317;5845.6
R5.2ASIA;REMIND-MAGPIE - SSP1-Baseline;Emissions|Kyoto Gases;Mt CO2-equiv/yr;16921;18989;21835;24893;27783;27656;26050;22836;18994;15104;12345
R5.2ASIA;REMIND-MAGPIE - SSP2-26;Emissions|Kyoto Gases;Mt CO2-equiv/yr;16806;19159;23577;19671;13803;9472;5343;2873.37;1613.8;438.3;-259.2
R5.2ASIA;REMIND-MAGPIE - SSP2-34;Emissions|Kyoto Gases;Mt CO2-equiv/yr;16806;19159;23577;22874;18095;14296;11483;8812;5790;3056.4;1887.2
R5.2ASIA;REMIND-MAGPIE - SSP2-45;Emissions|Kyoto Gases;Mt CO2-equiv/yr;16806;19159;23592;24887;22436;18564;15517;13357;11608;9505;8887
R5.2ASIA;REMIND-MAGPIE - SSP2-60;Emissions|Kyoto Gases;Mt CO2-equiv/yr;16806;19159;23599;26336;27992;27966;26637;25801;24457;21532;19583
R5.2ASIA;REMIND-MAGPIE - SSP2-Baseline;Emissions|Kyoto Gases;Mt CO2-equiv/yr;16806;19159;24647;27700;30161;32015;33348;35610;37480;36160;33318
R5.2ASIA;WITCH-GLOBIOM - SSP1-26;Emissions|Kyoto Gases;Mt CO2-equiv/yr;14047.305;17700.998;24777.177;10952.406;9865.408;8800.319;7696.258;5644.183;4089.997;2261.162;715.085
R5.2ASIA;WITCH-GLOBIOM - SSP1-34;Emissions|Kyoto Gases;Mt CO2-equiv/yr;14047.305;17700.998;24448.293;20105.413;17406.881;14749.324;12748.911;9612.922;7444.307;5047.497;2619.607
R5.2ASIA;WITCH-GLOBIOM - SSP1-45;Emissions|Kyoto Gases;Mt CO2-equiv/yr;14047.305;17700.998;24109.62;25934.003;23330.04;21800.138;18378.563;16004.17;13867.829;9720.292;6450.581
R5.2ASIA;WITCH-GLOBIOM - SSP1-60;Emissions|Kyoto Gases;Mt CO2-equiv/yr;14047.305;17700.998;24023.186;26837.975;27055.2;27621.54;25883.262;23514.367;21283.711;18939.029;16147.202
R5.2ASIA;WITCH-GLOBIOM - SSP1-Baseline;Emissions|Kyoto Gases;Mt CO2-equiv/yr;14047.305;17700.998;23872.572;27702.054;31298.756;29524.606;28091.28;25978.891;23359.525;20601.815;17168.175
R5.2ASIA;WITCH-GLOBIOM - SSP2-26;Emissions|Kyoto Gases;Mt CO2-equiv/yr;14047.305;17700.998;21368.86;10602.438;9616.284;8904.927;6924.268;5912.457;5048.922;3668.987;1479.991
R5.2ASIA;WITCH-GLOBIOM - SSP2-34;Emissions|Kyoto Gases;Mt CO2-equiv/yr;14047.305;17700.998;22645.981;17909.178;15118.042;13073.092;11320.974;9985.696;8797.674;6848.371;4459.148
R5.2ASIA;WITCH-GLOBIOM - SSP2-45;Emissions|Kyoto Gases;Mt CO2-equiv/yr;14047.305;17700.998;23543.833;23159.953;22748.278;19662.921;17309.898;14973.121;13466.53;11833.875;9628.491
R5.2ASIA;WITCH-GLOBIOM - SSP2-60;Emissions|Kyoto Gases;Mt CO2-equiv/yr;14047.305;17700.998;23761.923;28254.088;30264.033;28810.853;27305.2;24844.379;22009.211;20337.441;16631.267
R5.2ASIA;WITCH-GLOBIOM - SSP2-Baseline;Emissions|Kyoto Gases;Mt CO2-equiv/yr;14047.305;17700.998;25267.756;32415.592;37003.668;39902.498;41300.026;42143.117;42153.544;41534.527;38581.926
R5.2ASIA;WITCH-GLOBIOM - SSP3-34;Emissions|Kyoto Gases;Mt CO2-equiv/yr;14047.305;17700.998;21888.147;14934.615;13009.834;12096.328;10778.707;10287.679;9850.87;9012.523;8326.098
R5.2ASIA;WITCH-GLOBIOM - SSP3-45;Emissions|Kyoto Gases;Mt CO2-equiv/yr;14047.305;17700.998;25254.105;24196.386;21960.407;18167.871;15459.101;14398.144;13610.848;12773.802;11608.535
R5.2ASIA;WITCH-GLOBIOM - SSP3-60;Emissions|Kyoto Gases;Mt CO2-equiv/yr;14047.305;17700.998;26915.655;32958.158;34855.87;32649.354;27917;24331.606;20337.859;17802.863;16540.437
R5.2ASIA;WITCH-GLOBIOM - SSP3-Baseline;Emissions|Kyoto Gases;Mt CO2-equiv/yr;14047.305;17700.998;27533.45;36636.826;40836.444;42813.357;43791.813;46583.031;49079.58;52497.58;55864.309
R5.2ASIA;WITCH-GLOBIOM - SSP4-26;Emissions|Kyoto Gases;Mt CO2-equiv/yr;14047.305;17700.998;25470.947;13192.758;10588.063;8939.825;7380.921;5919.17;4683.116;3049.513;1046.81
R5.2ASIA;WITCH-GLOBIOM - SSP4-34;Emissions|Kyoto Gases;Mt CO2-equiv/yr;14047.305;17700.998;25045.903;21444.845;17639.251;13453.456;11516.938;9441.214;7978.632;5882.16;3785.501
R5.2ASIA;WITCH-GLOBIOM - SSP4-45;Emissions|Kyoto Gases;Mt CO2-equiv/yr;14047.305;17700.998;24793.684;26375.008;23775.953;20674.658;17832.926;15347.741;12130.536;10239.317;7775.132
R5.2ASIA;WITCH-GLOBIOM - SSP4-60;Emissions|Kyoto Gases;Mt CO2-equiv/yr;14047.305;17700.998;24606.974;27968.241;28388.984;29261.4;28994.971;28046.372;25064.562;22206.095;18917.6
R5.2ASIA;WITCH-GLOBIOM - SSP4-Baseline;Emissions|Kyoto Gases;Mt CO2-equiv/yr;14047.305;17700.998;24482.651;29050.948;32084.908;30950.116;30227.078;30013.235;28467.233;25032.695;20839.429
R5.2ASIA;WITCH-GLOBIOM - SSP5-34;Emissions|Kyoto Gases;Mt CO2-equiv/yr;14047.305;17700.998;21222.934;11625.305;12032.672;12164.467;12034.895;11908.608;12028.66;11599.789;5319.322
R5.2ASIA;WITCH-GLOBIOM - SSP5-45;Emissions|Kyoto Gases;Mt CO2-equiv/yr;14047.305;17700.998;22500.033;19222.934;18656.152;17765.37;17362.89;17071.293;16852.815;15902.491;9109.243
R5.2ASIA;WITCH-GLOBIOM - SSP5-60;Emissions|Kyoto Gases;Mt CO2-equiv/yr;14047.305;17700.998;23592.718;27502.584;31651.294;30729.242;24263.129;21872.78;21206.899;20646.208;18859.228
R5.2ASIA;WITCH-GLOBIOM - SSP5-Baseline;Emissions|Kyoto Gases;Mt CO2-equiv/yr;14047.305;17700.998;25030.33;35725.013;47379.884;57059.314;62165.982;64969.409;66575.085;67487.223;65114.287
R5.2LAM;AIM/CGE - SSP1-26;Emissions|Kyoto Gases;Mt CO2-equiv/yr;3942.07;3519.154;3647.84;2656.201;1639.392;1129.39;866.2;461.838;196.328;68.754;5.067
R5.2LAM;AIM/CGE - SSP1-34;Emissions|Kyoto Gases;Mt CO2-equiv/yr;3942.07;3519.154;3651.696;3109.574;2711.749;2242.371;1834.841;1467.132;1167.449;958.348;788.752
R5.2LAM;AIM/CGE - SSP1-45;Emissions|Kyoto Gases;Mt CO2-equiv/yr;3942.07;3519.154;3670.667;4146.58;3782.298;3402.331;3039.983;2524.396;2084.897;1692.335;1405.561
R5.2LAM;AIM/CGE - SSP1-Baseline;Emissions|Kyoto Gases;Mt CO2-equiv/yr;3942.07;3523.897;3661.345;3919.296;4054.592;4033.09;3963.319;3796.045;3633.039;3387.708;3090.297
R5.2LAM;AIM/CGE - SSP2-26;Emissions|Kyoto Gases;Mt CO2-equiv/yr;3942.07;3844.668;4256.711;2912.112;2000.476;1190.019;856.358;443.299;157.723;15.762;-39.098
R5.2LAM;AIM/CGE - SSP2-34;Emissions|Kyoto Gases;Mt CO2-equiv/yr;3942.07;3844.668;4270.802;3461.354;3036.382;2374.962;1923.87;1688.877;1483.145;1295.052;1096.957
R5.2LAM;AIM/CGE - SSP2-45;Emissions|Kyoto Gases;Mt CO2-equiv/yr;3942.07;3844.668;4265.96;4124.202;3948;3626.36;3155.672;2751.466;2420.888;2145.792;1913.666
R5.2LAM;AIM/CGE - SSP2-60;Emissions|Kyoto Gases;Mt CO2-equiv/yr;3942.07;3844.668;4276.064;4364.186;4340.739;4478.277;4503.752;4540.034;4479.673;4447.6;4381.894
R5.2LAM;AIM/CGE - SSP2-Baseline;Emissions|Kyoto Gases;Mt CO2-equiv/yr;3942.07;3848.753;4290.239;4673.276;4999.575;5267.73;5551.177;5807.49;6049.87;6279.974;6445.174
R5.2LAM;AIM/CGE - SSP4-26;Emissions|Kyoto Gases;Mt CO2-equiv/yr;3942.07;3898.391;4136.585;2880.007;2102.706;1450.642;1125.632;837.369;537.817;338.17;206.088
R5.2LAM;AIM/CGE - SSP4-34;Emissions|Kyoto Gases;Mt CO2-equiv/yr;3942.07;3898.391;4150.675;3315.039;2892.812;2371.955;2013.644;1750.706;1549.703;1318.425;1114.514
R5.2LAM;AIM/CGE - SSP4-45;Emissions|Kyoto Gases;Mt CO2-equiv/yr;3942.07;3898.391;4145.833;3961.226;3850.044;3271.717;2883.565;2540.368;2221.023;1908.091;1651.563
R5.2LAM;AIM/CGE - SSP4-Baseline;Emissions|Kyoto Gases;Mt CO2-equiv/yr;3942.07;3904.697;4176.298;4348.093;4361.712;4237.786;4133.336;4000.839;3907.725;3782.927;3658.139
R5.2LAM;AIM/CGE - SSP5-26;Emissions|Kyoto Gases;Mt CO2-equiv/yr;3942.07;3676.898;3870.07;2728.166;1530.22;781.271;356.235;26.116;-189.122;-371.882;-481.408
R5.2LAM;AIM/CGE - SSP5-34;Emissions|Kyoto Gases;Mt CO2-equiv/yr;3942.07;3676.898;3885.439;3279.045;2708.298;2524.524;1632.008;1187.659;804.606;525.627;348.001
R5.2LAM;AIM/CGE - SSP5-45;Emissions|Kyoto Gases;Mt CO2-equiv/yr;3942.07;3676.898;3890.476;3662.608;3550.523;3021.712;2559.573;2262.811;2088.576;1714.716;1372.876
R5.2LAM;AIM/CGE - SSP5-60;Emissions|Kyoto Gases;Mt CO2-equiv/yr;3942.07;3676.898;3891.322;3744.339;3849.184;3798.633;3717.09;3615.181;3527.108;3446.566;3196.497
R5.2LAM;AIM/CGE - SSP5-Baseline;Emissions|Kyoto Gases;Mt CO2-equiv/yr;3942.07;3676.569;3934.065;4590.172;5276.244;5734.392;6119.027;6335.114;6432.237;6556.171;6391.036
R5.2LAM;IMAGE - SSP2-26;Emissions|Kyoto Gases;Mt CO2-equiv/yr;4638.627;4999.172;5356.991;3890.702;4788.224;3080.221;2230.17;2074.713;1501.912;1282.159;912.647
R5.2LAM;IMAGE - SSP2-34;Emissions|Kyoto Gases;Mt CO2-equiv/yr;4638.627;4999.172;5489.58;4685.859;4884.956;4117.351;3647.015;3222.504;2724.318;1995.822;1926.275
R5.2LAM;IMAGE - SSP2-45;Emissions|Kyoto Gases;Mt CO2-equiv/yr;4638.627;4999.172;5626.475;5813.556;6262.563;5746.046;4883.666;4582.196;3911.237;3029.772;2757.314
R5.2LAM;IMAGE - SSP2-60;Emissions|Kyoto Gases;Mt CO2-equiv/yr;4638.627;4999.172;5629.753;5962.197;6800.398;6786.83;6367.422;6466.674;6170.787;5413.578;5182.663
R5.2LAM;IMAGE - SSP2-Baseline;Emissions|Kyoto Gases;Mt CO2-equiv/yr;4638.627;4999.172;5634.71;6182.826;7071.016;7371.687;7225.928;7654.772;8113.253;8167.748;8249.501
R5.2LAM;IMAGE - SSP3-34;Emissions|Kyoto Gases;Mt CO2-equiv/yr;4569.404;5039.691;5895.148;5717.555;5363.847;5274.67;3738.449;3805.084;3393.055;3207.212;3141.907
R5.2LAM;IMAGE - SSP3-45;Emissions|Kyoto Gases;Mt CO2-equiv/yr;4569.404;5039.691;5884.591;6088.207;6092.213;6029.489;5104.749;5154.411;4709.251;4379.674;4206.925
R5.2LAM;IMAGE - SSP3-60;Emissions|Kyoto Gases;Mt CO2-equiv/yr;4569.404;5039.691;5946.006;6574.231;7211.042;7818.958;7542.185;7607.807;7082.389;6574.619;6135.729
R5.2LAM;IMAGE - SSP3-Baseline;Emissions|Kyoto Gases;Mt CO2-equiv/yr;4569.404;5039.691;5953.999;6771.352;7590.379;9057.953;9031.262;9530.717;9973.381;10580.538;11013.792
R5.2LAM;MESSAGE-GLOBIOM - SSP1-26;Emissions|Kyoto Gases;Mt CO2-equiv/yr;6914.993;6668.4;5003.416;2691.275;2025.997;732.562;-1094.612;-2304.173;-3620.979;-4532.421;-4757.455
R5.2LAM;MESSAGE-GLOBIOM - SSP1-34;Emissions|Kyoto Gases;Mt CO2-equiv/yr;6914.993;6668.4;6082.266;4038.043;3316.682;2566.017;1555.734;-159.871;-1628.161;-2560.114;-3213.905
R5.2LAM;MESSAGE-GLOBIOM - SSP1-45;Emissions|Kyoto Gases;Mt CO2-equiv/yr;6915.012;6668.397;6784.947;6218.874;5422.41;4516.495;3683.576;2603.708;1267.312;-199.882;-1202.873
R5.2LAM;MESSAGE-GLOBIOM - SSP1-Baseline;Emissions|Kyoto Gases;Mt CO2-equiv/yr;6914.967;6668.403;6785.701;6288.823;6311.75;6171.409;6022.183;5218.341;4663.805;4234.8;3981.133
R5.2LAM;MESSAGE-GLOBIOM - SSP3-34;Emissions|Kyoto Gases;Mt CO2-equiv/yr;6918.048;6656.035;6055.358;3982.338;2864.374;1603.876;-1051.028;-2285.497;-3476.432;-4128.611;-3885.769
R5.2LAM;MESSAGE-GLOBIOM - SSP3-45;Emissions|Kyoto Gases;Mt CO2-equiv/yr;6918.094;6664.814;6926.434;6289.843;5465.166;3867.84;1864.809;50.307;-1322.178;-2252.708;-2585.936
R5.2LAM;MESSAGE-GLOBIOM - SSP3-60;Emissions|Kyoto Gases;Mt CO2-equiv/yr;6918.094;6663.526;6991.043;6881.489;6788.198;6857.369;5999.967;4254.583;2804.109;1768.807;823.414
R5.2LAM;MESSAGE-GLOBIOM - SSP3-Baseline;Emissions|Kyoto Gases;Mt CO2-equiv/yr;6918.094;6659.314;7244.231;7363.389;7522.061;7847.008;8066.362;7737.673;7727.13;7734.67;7732.563
R5.2LAM;REMIND-MAGPIE - SSP1-26;Emissions|Kyoto Gases;Mt CO2-equiv/yr;3743;5018;4432;4515;3473;2165;1312;626.8;277.6;-60.51;-368.5
R5.2LAM;REMIND-MAGPIE - SSP1-34;Emissions|Kyoto Gases;Mt CO2-equiv/yr;3743;5018;4435;4871;4154;3297;2494;1681;945.3;300.6;-39.44
R5.2LAM;REMIND-MAGPIE - SSP1-45;Emissions|Kyoto Gases;Mt CO2-equiv/yr;3743;5018;4435;4965;4996;3572;2970;2393;1839;1412;1249
R5.2LAM;REMIND-MAGPIE - SSP1-Baseline;Emissions|Kyoto Gases;Mt CO2-equiv/yr;3743;5018;6574;5417;4903;4036;3055;2436;1836;1283;872.8
R5.2LAM;REMIND-MAGPIE - SSP2-26;Emissions|Kyoto Gases;Mt CO2-equiv/yr;3743;4841;6841;5231;4407;3284;1390;394.9;-7.981;-722.4;-1292
R5.2LAM;REMIND-MAGPIE - SSP2-34;Emissions|Kyoto Gases;Mt CO2-equiv/yr;3743;4841;6841;6226;4774;4107;3159;2030;799.5;-51.92;-658.8
R5.2LAM;REMIND-MAGPIE - SSP2-45;Emissions|Kyoto Gases;Mt CO2-equiv/yr;3743;4841;6841;5728;5274;4828;4289;3782;3109;2620;2420
R5.2LAM;REMIND-MAGPIE - SSP2-60;Emissions|Kyoto Gases;Mt CO2-equiv/yr;3743;4841;6841;5966;5866;5725;5445;4858;4329;3907;3272
R5.2LAM;REMIND-MAGPIE - SSP2-Baseline;Emissions|Kyoto Gases;Mt CO2-equiv/yr;3743;4841;6966;7240;6528;6305;6590;6020;5520;5070;4599
R5.2LAM;WITCH-GLOBIOM - SSP1-26;Emissions|Kyoto Gases;Mt CO2-equiv/yr;5240.91;5105.814;4749.418;2173.05;1756.234;1483.528;1224.459;964.089;683.756;-198.498;-2289.797
R5.2LAM;WITCH-GLOBIOM - SSP1-34;Emissions|Kyoto Gases;Mt CO2-equiv/yr;5240.91;5105.814;4807.092;3933.998;2773.058;2316.322;1916.778;1643.487;1272.621;449.569;-1468.553
R5.2LAM;WITCH-GLOBIOM - SSP1-45;Emissions|Kyoto Gases;Mt CO2-equiv/yr;5240.91;5105.814;4807.893;4420.465;3956.131;3259.944;2815.69;2452.458;1889.011;1222.78;-168.559
R5.2LAM;WITCH-GLOBIOM - SSP1-60;Emissions|Kyoto Gases;Mt CO2-equiv/yr;5240.91;5105.814;4796.606;4521.757;4349.332;4239.659;4097.433;4103.069;4068.855;3863.936;3312.037
R5.2LAM;WITCH-GLOBIOM - SSP1-Baseline;Emissions|Kyoto Gases;Mt CO2-equiv/yr;5240.91;5105.814;5014.245;4666.106;4537.826;4488.468;4427.621;4479.373;4397.735;4112.043;3192.333
R5.2LAM;WITCH-GLOBIOM - SSP2-26;Emissions|Kyoto Gases;Mt CO2-equiv/yr;5240.91;5105.814;5017.201;2273.926;1923.604;1636.192;1455.13;389.54;-1679.077;-1991.55;-2551.146
R5.2LAM;WITCH-GLOBIOM - SSP2-34;Emissions|Kyoto Gases;Mt CO2-equiv/yr;5240.91;5105.814;5151.558;3667.533;2874.243;2629.157;2195.045;1406.63;646.54;-1257.572;-1959.688
R5.2LAM;WITCH-GLOBIOM - SSP2-45;Emissions|Kyoto Gases;Mt CO2-equiv/yr;5240.91;5105.814;5173.312;4693.181;4408.819;3462.409;3303.694;2713.462;1819.607;917.839;-914.64
R5.2LAM;WITCH-GLOBIOM - SSP2-60;Emissions|Kyoto Gases;Mt CO2-equiv/yr;5240.91;5105.814;5167.993;5136.936;5246.659;5041.091;4793.247;5005.547;4661.366;4546.385;3560.156
R5.2LAM;WITCH-GLOBIOM - SSP2-Baseline;Emissions|Kyoto Gases;Mt CO2-equiv/yr;5240.91;5105.814;5345.921;5355.681;5511;5811.252;6318.253;7102.804;7742.044;8092.217;7532.316
R5.2LAM;WITCH-GLOBIOM - SSP3-34;Emissions|Kyoto Gases;Mt CO2-equiv/yr;5240.91;5105.814;5000.493;4586.267;4262.506;4126.092;3633.454;3216.481;2960.708;551.813;-1231.788
R5.2LAM;WITCH-GLOBIOM - SSP3-45;Emissions|Kyoto Gases;Mt CO2-equiv/yr;5240.91;5105.814;5332.168;5274.688;5198.565;5206.525;4523.434;4057.249;3599.98;2109.502;345.668
R5.2LAM;WITCH-GLOBIOM - SSP3-60;Emissions|Kyoto Gases;Mt CO2-equiv/yr;5240.91;5105.814;5405.28;5468.699;5548.262;5653.002;5409.505;5231.115;5053.716;4640.253;3706.077
R5.2LAM;WITCH-GLOBIOM - SSP3-Baseline;Emissions|Kyoto Gases;Mt CO2-equiv/yr;5240.91;5105.814;5504.688;5699.502;5841.905;5987.307;6112.682;6479.495;6899.886;7181.754;7113
R5.2LAM;WITCH-GLOBIOM - SSP4-26;Emissions|Kyoto Gases;Mt CO2-equiv/yr;5240.91;5105.814;4901.292;2517.645;1616.817;342.212;-1275.764;-1511.292;-1763.741;-2260.062;-2898.851
R5.2LAM;WITCH-GLOBIOM - SSP4-34;Emissions|Kyoto Gases;Mt CO2-equiv/yr;5240.91;5105.814;4922.455;4069.397;2803.952;2308.423;1600.919;599.754;-289.184;-1779.258;-2434.283
R5.2LAM;WITCH-GLOBIOM - SSP4-45;Emissions|Kyoto Gases;Mt CO2-equiv/yr;5240.91;5105.814;4918.149;4533.887;3949.183;3151.478;2891.384;2448.298;1853.39;1025.411;-269.315
R5.2LAM;WITCH-GLOBIOM - SSP4-60;Emissions|Kyoto Gases;Mt CO2-equiv/yr;5240.91;5105.814;4890.341;4580.099;4296.152;4110.323;3992.128;4119.726;4240.541;4006.933;2468.897
R5.2LAM;WITCH-GLOBIOM - SSP4-Baseline;Emissions|Kyoto Gases;Mt CO2-equiv/yr;5240.91;5105.814;5114.421;4736.454;4502.674;4393.091;4318.364;4436.904;4491.147;3918.438;2662.917
R5.2LAM;WITCH-GLOBIOM - SSP5-34;Emissions|Kyoto Gases;Mt CO2-equiv/yr;5240.91;5105.814;4988.832;2034.174;1366.324;-178.535;-326.568;-312.444;-240.415;-585.552;-1627.476
R5.2LAM;WITCH-GLOBIOM - SSP5-45;Emissions|Kyoto Gases;Mt CO2-equiv/yr;5240.91;5105.814;5002.985;3676.125;3164.859;2859.442;2077.574;1077.763;20.553;-331.618;-1124.363
R5.2LAM;WITCH-GLOBIOM - SSP5-60;Emissions|Kyoto Gases;Mt CO2-equiv/yr;5240.91;5105.814;5060.834;4756.184;4926.672;4186.495;4348.869;4516.938;4426.505;3719.165;2690.68
R5.2LAM;WITCH-GLOBIOM - SSP5-Baseline;Emissions|Kyoto Gases;Mt CO2-equiv/yr;5240.91;5105.814;5225.549;5369.67;5966.402;6724.686;7681.309;8465.46;8861.484;8754.098;8158.834
R5.2MAF;AIM/CGE - SSP1-26;Emissions|Kyoto Gases;Mt CO2-equiv/yr;5146.142;6602.628;7433.894;4748.066;3662.267;3335.252;2735.79;2133.711;1877.24;1631.011;1495.411
R5.2MAF;AIM/CGE - SSP1-34;Emissions|Kyoto Gases;Mt CO2-equiv/yr;5146.142;6602.628;7446.188;6304.575;5670.465;5311.397;4982.147;4520.124;4131.275;3808.114;3517.364
R5.2MAF;AIM/CGE - SSP1-45;Emissions|Kyoto Gases;Mt CO2-equiv/yr;5146.142;6602.628;7477.183;7818.841;8337.209;7846.036;7473.559;7035.654;6674.522;6113.488;5652.841
R5.2MAF;AIM/CGE - SSP1-Baseline;Emissions|Kyoto Gases;Mt CO2-equiv/yr;5146.142;6609.394;7483.373;8184.519;8772.762;9165.758;10088.779;10482.569;10826.195;11031.919;10829.632
R5.2MAF;AIM/CGE - SSP2-26;Emissions|Kyoto Gases;Mt CO2-equiv/yr;5146.142;7184.678;8734.065;6139.424;3993.326;3324.291;3432.388;2576.983;2431.642;2215.389;2221.48
R5.2MAF;AIM/CGE - SSP2-34;Emissions|Kyoto Gases;Mt CO2-equiv/yr;5146.142;7184.678;8751.872;7559.121;6034.7;5690.028;6018.884;5518.856;5341.334;4939.677;4666.472
R5.2MAF;AIM/CGE - SSP2-45;Emissions|Kyoto Gases;Mt CO2-equiv/yr;5146.142;7184.678;8747.182;8839.706;9001.183;8340.634;8286.649;8181.605;7905.008;7068.797;6562.829
R5.2MAF;AIM/CGE - SSP2-60;Emissions|Kyoto Gases;Mt CO2-equiv/yr;5146.142;7184.678;8763.254;9341.007;9898.392;10821.011;12028.674;12993.309;13529.854;14050.952;14514.757
R5.2MAF;AIM/CGE - SSP2-Baseline;Emissions|Kyoto Gases;Mt CO2-equiv/yr;5146.142;7192.232;8788.441;10007.17;11327.684;12856.239;15064.8;16950.608;18819.417;20873.063;23063.395
R5.2MAF;AIM/CGE - SSP4-26;Emissions|Kyoto Gases;Mt CO2-equiv/yr;5146.142;7245.62;8900.173;6963.569;4406.721;4721.202;4262.16;2741.131;2835.141;2456.93;2450.169
R5.2MAF;AIM/CGE - SSP4-34;Emissions|Kyoto Gases;Mt CO2-equiv/yr;5146.142;7245.62;8917.98;8046.127;7234.532;6702.326;6557.537;5970.87;5696.909;5237.034;4999.799
R5.2MAF;AIM/CGE - SSP4-45;Emissions|Kyoto Gases;Mt CO2-equiv/yr;5146.142;7245.62;8913.29;9234.325;9734.366;9314.608;8856.297;8295.256;8038.382;7465.049;7084.24
R5.2MAF;AIM/CGE - SSP4-Baseline;Emissions|Kyoto Gases;Mt CO2-equiv/yr;5146.142;7253.121;8969.635;10143.764;10935.601;11558.144;12411.336;12962.037;13637.916;14367.872;15069.304
R5.2MAF;AIM/CGE - SSP5-26;Emissions|Kyoto Gases;Mt CO2-equiv/yr;5146.142;6915.405;8179.911;5416.871;4297.913;4004.495;3536.049;2659.178;2186.103;1756.099;1431.958
R5.2MAF;AIM/CGE - SSP5-34;Emissions|Kyoto Gases;Mt CO2-equiv/yr;5146.142;6915.405;8182.126;6619.684;6411.556;6984.252;5740.062;5279.466;4745.767;4098.064;3311.225
R5.2MAF;AIM/CGE - SSP5-45;Emissions|Kyoto Gases;Mt CO2-equiv/yr;5146.142;6915.405;8199.301;7550.976;8123.2;8107.166;7733.087;7830.237;7758.423;6543.264;5633.837
R5.2MAF;AIM/CGE - SSP5-60;Emissions|Kyoto Gases;Mt CO2-equiv/yr;5146.142;6915.405;8205.211;7868.493;8781.057;9569.851;10525.2;11043.191;11164.624;11117.117;10755.334
R5.2MAF;AIM/CGE - SSP5-Baseline;Emissions|Kyoto Gases;Mt CO2-equiv/yr;5146.142;6921.966;8227.559;9911.834;11849.12;13884.754;16798.242;19144.831;21031.658;23508.836;26423.685
R5.2MAF;IMAGE - SSP2-26;Emissions|Kyoto Gases;Mt CO2-equiv/yr;4871.581;5267.793;6767.944;5893.743;4684.921;4239.766;3898.488;3468.392;2950.479;2468.124;2085.037
R5.2MAF;IMAGE - SSP2-34;Emissions|Kyoto Gases;Mt CO2-equiv/yr;4871.581;5267.791;7288.006;8069.777;7428.292;6770.854;5986.751;5864.192;5320.821;4580.16;3798.6
R5.2MAF;IMAGE - SSP2-45;Emissions|Kyoto Gases;Mt CO2-equiv/yr;4871.581;5267.79;7541.564;9604.631;9592.053;9323.193;7939.943;8382.057;7680.365;6698.513;7080.856
R5.2MAF;IMAGE - SSP2-60;Emissions|Kyoto Gases;Mt CO2-equiv/yr;4871.581;5267.79;7724.159;9922.124;10402.784;11012.037;10447.723;12072.595;13071.68;13639.794;14616.354
R5.2MAF;IMAGE - SSP2-Baseline;Emissions|Kyoto Gases;Mt CO2-equiv/yr;4871.581;5267.79;7748.461;10209.056;10952.297;11799.3;11836.914;14459.486;17621.939;21403.946;25441.411
R5.2MAF;IMAGE - SSP3-34;Emissions|Kyoto Gases;Mt CO2-equiv/yr;4897.858;5304.331;8048.206;9428.538;8348.865;7664.837;5358.058;5663.841;5466.789;5021.044;5148.353
R5.2MAF;IMAGE - SSP3-45;Emissions|Kyoto Gases;Mt CO2-equiv/yr;4897.858;5304.331;8048.991;10166.866;10195.941;9920.63;8243.708;8253.384;7803.537;7515.902;7914.224
R5.2MAF;IMAGE - SSP3-60;Emissions|Kyoto Gases;Mt CO2-equiv/yr;4897.858;5304.331;8278.237;10649.701;11605.348;12550.35;12000.586;12650.44;12801.779;12516.561;12902.439
R5.2MAF;IMAGE - SSP3-Baseline;Emissions|Kyoto Gases;Mt CO2-equiv/yr;4897.858;5304.331;8305.317;10931.938;12581.616;13807.164;13634.49;15646.537;18407.352;21765.615;25913.222
R5.2MAF;MESSAGE-GLOBIOM - SSP1-26;Emissions|Kyoto Gases;Mt CO2-equiv/yr;5853.114;6513.305;7211.394;6834.249;6371.624;5109.609;3351.727;2341.227;1314.701;-302.048;-968.301
R5.2MAF;MESSAGE-GLOBIOM - SSP1-34;Emissions|Kyoto Gases;Mt CO2-equiv/yr;5853.114;6513.331;7241.023;7431.123;7817.236;7724.409;7138.655;6327.472;4302.373;2246.287;640.166
R5.2MAF;MESSAGE-GLOBIOM - SSP1-45;Emissions|Kyoto Gases;Mt CO2-equiv/yr;5853.114;6513.356;7240.7;8304.567;9822.408;9881.831;10017.798;10596.764;9353.027;7314.947;4648.006
R5.2MAF;MESSAGE-GLOBIOM - SSP1-Baseline;Emissions|Kyoto Gases;Mt CO2-equiv/yr;5853.114;6513.378;7234.505;8518.214;10360.696;11333.052;12218.537;13995.516;15250.046;15140.566;15451.34
R5.2MAF;MESSAGE-GLOBIOM - SSP3-34;Emissions|Kyoto Gases;Mt CO2-equiv/yr;5849.223;6527.26;7408.791;8228.408;6510.9;5250.119;4201.939;3576.78;3147.146;2779.912;2468.469
R5.2MAF;MESSAGE-GLOBIOM - SSP3-45;Emissions|Kyoto Gases;Mt CO2-equiv/yr;5848.896;6543.208;8154.359;9985.812;9753.402;8875.015;8167.835;7374.176;6632.831;5868.195;5918.658
R5.2MAF;MESSAGE-GLOBIOM - SSP3-60;Emissions|Kyoto Gases;Mt CO2-equiv/yr;5849.157;6536.106;8109.574;10278.464;11612.293;12737.294;13317.684;13134.731;12695.848;11738.274;11395.469
R5.2MAF;MESSAGE-GLOBIOM - SSP3-Baseline;Emissions|Kyoto Gases;Mt CO2-equiv/yr;5849.091;6533.358;8073.449;10299.339;12466.8;15043.626;17990.831;21454.571;25602.6;30604.932;35263.472
R5.2MAF;REMIND-MAGPIE - SSP1-26;Emissions|Kyoto Gases;Mt CO2-equiv/yr;5320;6047;7658;7439;8043;7728;6500;4766.4;2247.47;246.6;-575.7
R5.2MAF;REMIND-MAGPIE - SSP1-34;Emissions|Kyoto Gases;Mt CO2-equiv/yr;5320;6047;7664;8266;9895;10383;9524;8266;6215;3755;1523.94
R5.2MAF;REMIND-MAGPIE - SSP1-45;Emissions|Kyoto Gases;Mt CO2-equiv/yr;5320;6047;7664;8798;10924;12271;11755;11041;9661;7453;5858
R5.2MAF;REMIND-MAGPIE - SSP1-Baseline;Emissions|Kyoto Gases;Mt CO2-equiv/yr;5320;6047;7236;9068;12133;15362;15061;15518;15346;13841;11722
R5.2MAF;REMIND-MAGPIE - SSP2-26;Emissions|Kyoto Gases;Mt CO2-equiv/yr;5270;6546;8674;8207;7352;6901;4930;2856.5;1104;134;-258
R5.2MAF;REMIND-MAGPIE - SSP2-34;Emissions|Kyoto Gases;Mt CO2-equiv/yr;5270;6546;8677;8806;8704;8804;8105;7443;6463;4281.3;1587
R5.2MAF;REMIND-MAGPIE - SSP2-45;Emissions|Kyoto Gases;Mt CO2-equiv/yr;5270;6546;8682;9345;10203;10732;10380;10133;10124;9898;10309
R5.2MAF;REMIND-MAGPIE - SSP2-60;Emissions|Kyoto Gases;Mt CO2-equiv/yr;5270;6546;8685;9931;12042;14968;16471;17429;17982;17622;17518
R5.2MAF;REMIND-MAGPIE - SSP2-Baseline;Emissions|Kyoto Gases;Mt CO2-equiv/yr;5270;6546;8047;10071;15819;17575;22339;23744;25642;26750;27187
R5.2MAF;WITCH-GLOBIOM - SSP1-26;Emissions|Kyoto Gases;Mt CO2-equiv/yr;4524.173;4928.338;5266.884;3206.541;2886.152;2869.807;2814.02;2678.729;2662.325;2351.628;863.703
R5.2MAF;WITCH-GLOBIOM - SSP1-34;Emissions|Kyoto Gases;Mt CO2-equiv/yr;4524.173;4928.338;5427.786;5255.183;5179.386;5315.272;5383.729;5441.51;5086.663;4248.383;2353.933
R5.2MAF;WITCH-GLOBIOM - SSP1-45;Emissions|Kyoto Gases;Mt CO2-equiv/yr;4524.173;4928.338;5390.87;6224.443;6779.778;7578.267;8238.116;8653.274;8410.274;7361.98;5135.183
R5.2MAF;WITCH-GLOBIOM - SSP1-60;Emissions|Kyoto Gases;Mt CO2-equiv/yr;4524.173;4928.338;5340.959;6425.915;7535.885;8883.484;10138.117;11436.138;12002.682;11654.351;9704.049
R5.2MAF;WITCH-GLOBIOM - SSP1-Baseline;Emissions|Kyoto Gases;Mt CO2-equiv/yr;4524.173;4928.338;5623.245;6707.395;7961.255;9405.191;10774.248;12030.173;12527.866;12034.255;9934.961
R5.2MAF;WITCH-GLOBIOM - SSP2-26;Emissions|Kyoto Gases;Mt CO2-equiv/yr;4524.173;4928.338;5178.708;3115.893;2826.262;2819.171;2695.794;2460.225;2670.493;3054.06;2280.395
R5.2MAF;WITCH-GLOBIOM - SSP2-34;Emissions|Kyoto Gases;Mt CO2-equiv/yr;4524.173;4928.338;5445.297;4846.752;4880.631;5134.441;5227.254;5382.821;5534.443;5295.169;4142.239
R5.2MAF;WITCH-GLOBIOM - SSP2-45;Emissions|Kyoto Gases;Mt CO2-equiv/yr;4524.173;4928.338;5498.549;6001.455;6747.812;7111.083;7736.603;8294.263;8726.68;9041.341;7616.744
R5.2MAF;WITCH-GLOBIOM - SSP2-60;Emissions|Kyoto Gases;Mt CO2-equiv/yr;4524.173;4928.338;5490.086;6699.316;8210.47;9228.138;10590.825;11984.27;12736.648;13203.563;12062.83
R5.2MAF;WITCH-GLOBIOM - SSP2-Baseline;Emissions|Kyoto Gases;Mt CO2-equiv/yr;4524.173;4928.338;5652.572;7046.148;8788.533;10495.082;12523.68;14679.712;16820.597;18817.233;18408.244
R5.2MAF;WITCH-GLOBIOM - SSP3-34;Emissions|Kyoto Gases;Mt CO2-equiv/yr;4524.173;4928.338;4880.479;4950.603;4944.77;5205.349;4687.539;4548.838;4175.33;3606.123;2285.979
R5.2MAF;WITCH-GLOBIOM - SSP3-45;Emissions|Kyoto Gases;Mt CO2-equiv/yr;4524.173;4928.338;5583.932;6526.082;7238.919;7454.669;6797.138;6635.276;6399.6;5911.411;4789.245
R5.2MAF;WITCH-GLOBIOM - SSP3-60;Emissions|Kyoto Gases;Mt CO2-equiv/yr;4524.173;4928.338;5719.872;7018.72;8326.967;9325.875;9474.683;9568.529;9431.247;8979.559;8099.706
R5.2MAF;WITCH-GLOBIOM - SSP3-Baseline;Emissions|Kyoto Gases;Mt CO2-equiv/yr;4524.173;4928.338;5947.357;7443.896;8994.578;10299.721;10973.327;11796.464;12752.005;13840.164;14299.256
R5.2MAF;WITCH-GLOBIOM - SSP4-26;Emissions|Kyoto Gases;Mt CO2-equiv/yr;4524.173;4928.338;5526.083;4147.716;3774.726;3395.564;3172.508;2986.265;2680.608;1949.946;1151.943
R5.2MAF;WITCH-GLOBIOM - SSP4-34;Emissions|Kyoto Gases;Mt CO2-equiv/yr;4524.173;4928.338;5579.145;5714.225;5599.723;5537.181;5156.9;4743.47;4386.474;3370.337;2338.366
R5.2MAF;WITCH-GLOBIOM - SSP4-45;Emissions|Kyoto Gases;Mt CO2-equiv/yr;4524.173;4928.338;5506.293;6535.864;6868.285;6883.05;6786.45;6574.087;6333.693;5543.816;4320.507
R5.2MAF;WITCH-GLOBIOM - SSP4-60;Emissions|Kyoto Gases;Mt CO2-equiv/yr;4524.173;4928.338;5416.18;6615.95;7519.877;8170.173;8368.362;8802.884;9116.06;8936.798;7380.313
R5.2MAF;WITCH-GLOBIOM - SSP4-Baseline;Emissions|Kyoto Gases;Mt CO2-equiv/yr;4524.173;4928.338;5694.675;6939.929;8001.078;8819.885;9093.125;9491.529;9615.686;9273.785;8176.464
R5.2MAF;WITCH-GLOBIOM - SSP5-34;Emissions|Kyoto Gases;Mt CO2-equiv/yr;4524.173;4928.338;5120.396;3288.002;3744.273;4450.538;5246.029;6126.643;7181.968;7991.973;6538.704
R5.2MAF;WITCH-GLOBIOM - SSP5-45;Emissions|Kyoto Gases;Mt CO2-equiv/yr;4524.173;4928.338;5385.91;4694.846;5473.533;6601.864;7580.289;8631.934;9175.964;9697.092;8286.78
R5.2MAF;WITCH-GLOBIOM - SSP5-60;Emissions|Kyoto Gases;Mt CO2-equiv/yr;4524.173;4928.338;5418.206;6075.997;7297.174;8344.938;9866.742;11316.455;12666.468;13432.741;12363.05
R5.2MAF;WITCH-GLOBIOM - SSP5-Baseline;Emissions|Kyoto Gases;Mt CO2-equiv/yr;4524.173;4928.338;5656.202;6926.586;9272.987;12291.606;15096.187;18190.832;20333.36;21440.561;20422.789
R5.2OECD;AIM/CGE - SSP1-26;Emissions|Kyoto Gases;Mt CO2-equiv/yr;16268.059;16718.951;15287.506;12874.281;8719.136;6511.506;4721.761;3003.784;2390.63;1852.461;1622.064
R5.2OECD;AIM/CGE - SSP1-34;Emissions|Kyoto Gases;Mt CO2-equiv/yr;16268.059;16718.951;15418.496;15114.863;13126.576;11290.11;9707.208;7993.392;6907.965;6049.216;5434.868
R5.2OECD;AIM/CGE - SSP1-45;Emissions|Kyoto Gases;Mt CO2-equiv/yr;16268.059;16718.951;14621.115;16815.92;16478.342;15024.945;14119.024;12920.808;11938.111;11022.015;10242.375
R5.2OECD;AIM/CGE - SSP1-Baseline;Emissions|Kyoto Gases;Mt CO2-equiv/yr;16268.059;16794.252;17915.151;18235.991;17904.73;17186.563;17012.036;17009.147;16892.968;16743.513;16383.196
R5.2OECD;AIM/CGE - SSP2-26;Emissions|Kyoto Gases;Mt CO2-equiv/yr;16268.059;17312.219;16537.451;11923.212;8217.391;5472.987;4026.686;2030.461;989.557;137.466;-395.918
R5.2OECD;AIM/CGE - SSP2-34;Emissions|Kyoto Gases;Mt CO2-equiv/yr;16268.059;17312.219;16692.075;15073.388;12414.064;9669.906;7647.502;6021.958;4884.697;3995.286;3089.42
R5.2OECD;AIM/CGE - SSP2-45;Emissions|Kyoto Gases;Mt CO2-equiv/yr;16268.059;17312.219;16685.649;17496.051;18040.648;15613.587;13422.815;11021.801;8696.269;7007.786;5659.343
R5.2OECD;AIM/CGE - SSP2-60;Emissions|Kyoto Gases;Mt CO2-equiv/yr;16268.059;17312.219;16832.101;17954.217;19433.047;18536.721;18575.826;18526.114;18359.442;18066.521;17924.868
R5.2OECD;AIM/CGE - SSP2-Baseline;Emissions|Kyoto Gases;Mt CO2-equiv/yr;16268.059;17395.554;19785.676;21528.071;22947.109;23979.029;25046.867;26133.848;27141.712;28025.492;28717.845
R5.2OECD;AIM/CGE - SSP4-26;Emissions|Kyoto Gases;Mt CO2-equiv/yr;16268.059;17011.658;18325.268;13149.162;9120.282;6240.573;4058.892;2355.571;1337.474;605.029;68.603
R5.2OECD;AIM/CGE - SSP4-34;Emissions|Kyoto Gases;Mt CO2-equiv/yr;16268.059;17011.658;18479.975;15686.56;13302.222;10715.95;8758.976;6831.939;5544.555;4451.56;3476.812
R5.2OECD;AIM/CGE - SSP4-45;Emissions|Kyoto Gases;Mt CO2-equiv/yr;16268.059;17011.658;18473.548;17668.245;16913.595;14773.351;13445.367;12226.42;10502.047;8813.405;7209.429
R5.2OECD;AIM/CGE - SSP4-Baseline;Emissions|Kyoto Gases;Mt CO2-equiv/yr;16268.059;17031.962;18728.933;19281.295;18926.062;17953.654;17423.604;17196.065;16894.949;16485.949;15941.718
R5.2OECD;AIM/CGE - SSP5-26;Emissions|Kyoto Gases;Mt CO2-equiv/yr;16268.059;16943.193;17181.385;12177.663;10384.38;6677.942;4525.578;2634.882;2275.049;2064.757;2208.129
R5.2OECD;AIM/CGE - SSP5-34;Emissions|Kyoto Gases;Mt CO2-equiv/yr;16268.059;16943.193;17196.86;15527.138;15377.411;12375.666;9404.113;7778.973;6910.935;6473.837;6359.759
R5.2OECD;AIM/CGE - SSP5-45;Emissions|Kyoto Gases;Mt CO2-equiv/yr;16268.059;16943.193;17368.191;17890.11;18736.343;15723.015;13434.705;11930.924;12241.4;11301.977;11130.859
R5.2OECD;AIM/CGE - SSP5-60;Emissions|Kyoto Gases;Mt CO2-equiv/yr;16268.059;16943.193;17430.629;18518.39;20188.709;19427.852;18924.792;19130.622;19981.575;20847.797;21930.788
R5.2OECD;AIM/CGE - SSP5-Baseline;Emissions|Kyoto Gases;Mt CO2-equiv/yr;16268.059;17099.135;19654.62;22651.735;26620.266;30629.635;35589.814;41091.685;47082.234;53592.106;60797.502
R5.2OECD;IMAGE - SSP2-26;Emissions|Kyoto Gases;Mt CO2-equiv/yr;16322.784;14838.659;13212.588;8890.431;5172.939;4055.885;2762.771;1612.928;618.575;183.147;-89.963
R5.2OECD;IMAGE - SSP2-34;Emissions|Kyoto Gases;Mt CO2-equiv/yr;16322.784;14838.659;13541.305;11001.818;9297.231;7758.022;6806.239;5482;3902.549;2686.056;2122.574
R5.2OECD;IMAGE - SSP2-45;Emissions|Kyoto Gases;Mt CO2-equiv/yr;16322.784;14838.659;13976.219;12908.439;11918.447;10728.936;10154.952;8977.68;6450.258;3984.948;3975.5
R5.2OECD;IMAGE - SSP2-60;Emissions|Kyoto Gases;Mt CO2-equiv/yr;16322.784;14838.659;14385.164;13860.783;14048.626;14400.365;14793.258;14389.11;12775.46;11199.128;10734.608
R5.2OECD;IMAGE - SSP2-Baseline;Emissions|Kyoto Gases;Mt CO2-equiv/yr;16322.784;14838.654;15203.482;14619.247;14949.734;15565.876;16485.238;16853.276;16980.087;17279.456;18034.81
R5.2OECD;IMAGE - SSP3-34;Emissions|Kyoto Gases;Mt CO2-equiv/yr;16317.605;14861.009;14024.507;11447.502;7519.428;4391.179;3242.085;2843.691;3148.109;2201.385;1595.493
R5.2OECD;IMAGE - SSP3-45;Emissions|Kyoto Gases;Mt CO2-equiv/yr;16317.605;14861.009;14237.964;12845.079;10482.26;8848.796;7626.753;6553.199;5125.358;3764.787;3444.084
R5.2OECD;IMAGE - SSP3-60;Emissions|Kyoto Gases;Mt CO2-equiv/yr;16317.605;14861.009;15056.467;14358.798;14028.166;14202.239;14035.01;12550.946;10465.181;8492.892;7170.528
R5.2OECD;IMAGE - SSP3-Baseline;Emissions|Kyoto Gases;Mt CO2-equiv/yr;16317.605;14861.006;15407.923;14955.948;15519.958;16157.091;16197.417;15972.034;15301.962;14620.899;14278.547
R5.2OECD;MESSAGE-GLOBIOM - SSP1-26;Emissions|Kyoto Gases;Mt CO2-equiv/yr;17320.636;16197.686;15269.511;12969.521;10550.702;7862.977;4848.064;2590.934;1035.813;-433.947;-1241.434
R5.2OECD;MESSAGE-GLOBIOM - SSP1-34;Emissions|Kyoto Gases;Mt CO2-equiv/yr;17320.739;16197.67;15269.898;13709.37;12460.769;11064.664;9381.959;6827.362;4376.165;2090.555;550.093
R5.2OECD;MESSAGE-GLOBIOM - SSP1-45;Emissions|Kyoto Gases;Mt CO2-equiv/yr;17320.744;16197.689;15222.607;14308.16;13877.77;12958.85;12086.362;10615.925;9294.106;7194.984;4741.155
R5.2OECD;MESSAGE-GLOBIOM - SSP1-Baseline;Emissions|Kyoto Gases;Mt CO2-equiv/yr;17320.776;16197.605;15499.198;14839.719;14820.222;14731.348;14843.514;14055.874;13348.994;13199.405;13016.816
R5.2OECD;MESSAGE-GLOBIOM - SSP3-34;Emissions|Kyoto Gases;Mt CO2-equiv/yr;17324.858;16212.855;15817.887;13464.221;10014.076;7992.634;5774.568;4024.577;2368.292;1048.123;427.233
R5.2OECD;MESSAGE-GLOBIOM - SSP3-45;Emissions|Kyoto Gases;Mt CO2-equiv/yr;17324.44;16184.65;16162.291;15434.003;13255.611;11837.316;9811.359;7271.988;5029.882;3247.937;2012.397
R5.2OECD;MESSAGE-GLOBIOM - SSP3-60;Emissions|Kyoto Gases;Mt CO2-equiv/yr;17317.073;16175.362;16593.664;17368.74;17661.503;17630.573;16395.142;13696.051;11313.618;8535.646;6961.807
R5.2OECD;MESSAGE-GLOBIOM - SSP3-Baseline;Emissions|Kyoto Gases;Mt CO2-equiv/yr;17405.487;16230.511;18181.991;20113.705;21845.664;22782.746;24582.697;25762.466;26130.005;25616.728;26625.418
R5.2OECD;REMIND-MAGPIE - SSP1-26;Emissions|Kyoto Gases;Mt CO2-equiv/yr;19236;17384;14324;12504;10470.7;7805.9;4593.1;1499.9;-429.92;-1535.99;-2084.7
R5.2OECD;REMIND-MAGPIE - SSP1-34;Emissions|Kyoto Gases;Mt CO2-equiv/yr;19236;17384;14442;14131;12881.5;11377.4;9298.7;6428.4;3447.1;1255.6;-370.18
R5.2OECD;REMIND-MAGPIE - SSP1-45;Emissions|Kyoto Gases;Mt CO2-equiv/yr;19236;17384;14442;14606;14360;13855;12561;10793;8372.9;6171.7;4925.7
R5.2OECD;REMIND-MAGPIE - SSP1-Baseline;Emissions|Kyoto Gases;Mt CO2-equiv/yr;19236;17384;15562;15714;15868;15786;15359;14156;12367;10879.1;9555.9
R5.2OECD;REMIND-MAGPIE - SSP2-26;Emissions|Kyoto Gases;Mt CO2-equiv/yr;19236;17761;15561;13161.7;10530.8;7568;3383.4;156.26;-1638.67;-2570.413;-2901.92
R5.2OECD;REMIND-MAGPIE - SSP2-34;Emissions|Kyoto Gases;Mt CO2-equiv/yr;19236;17761;15603;14188;12568.1;10818.5;9166.8;6487.1;3374;504.16;-1056.35
R5.2OECD;REMIND-MAGPIE - SSP2-45;Emissions|Kyoto Gases;Mt CO2-equiv/yr;19236;17761;15659;15153;14478.6;13346;12158.2;10584.2;8884.1;7355.6;6815.4
R5.2OECD;REMIND-MAGPIE - SSP2-60;Emissions|Kyoto Gases;Mt CO2-equiv/yr;19236;17761;15691;15887;16777;16987.9;16794.3;15942.9;13915.3;11599.6;10764.8
R5.2OECD;REMIND-MAGPIE - SSP2-Baseline;Emissions|Kyoto Gases;Mt CO2-equiv/yr;19236;17761;16931;17998;19553;21292;22598.9;22757;21399.3;18795.3;16401.9
R5.2OECD;WITCH-GLOBIOM - SSP1-26;Emissions|Kyoto Gases;Mt CO2-equiv/yr;16365.367;16341.228;14254.179;8626.949;7341.203;5839.936;4447.716;3176.522;1985.504;813.657;388.416
R5.2OECD;WITCH-GLOBIOM - SSP1-34;Emissions|Kyoto Gases;Mt CO2-equiv/yr;16365.367;16341.228;14461.57;12594.997;10832.227;9141.257;7325.793;5680.644;3813.478;2176.376;1379.179
R5.2OECD;WITCH-GLOBIOM - SSP1-45;Emissions|Kyoto Gases;Mt CO2-equiv/yr;16365.367;16341.228;14469;14779.429;13721.322;12640.838;11431.485;9307.798;8013.098;6141.389;3785.547
R5.2OECD;WITCH-GLOBIOM - SSP1-60;Emissions|Kyoto Gases;Mt CO2-equiv/yr;16365.367;16341.228;14527.995;15708.059;15456.169;15252.055;14707.951;13939.987;13330.616;13156.454;12126.773
R5.2OECD;WITCH-GLOBIOM - SSP1-Baseline;Emissions|Kyoto Gases;Mt CO2-equiv/yr;16365.367;16341.228;16946.062;16315.315;15994.3;15441.602;15107.106;14839.874;14396.893;13651.814;11932.437
R5.2OECD;WITCH-GLOBIOM - SSP2-26;Emissions|Kyoto Gases;Mt CO2-equiv/yr;16365.367;16341.228;15224.368;9085.338;7914.262;6547.133;5134.705;3931.531;2834.833;1527.719;718.177
R5.2OECD;WITCH-GLOBIOM - SSP2-34;Emissions|Kyoto Gases;Mt CO2-equiv/yr;16365.367;16341.228;15686.915;12117.278;11346.205;9965.142;8138.524;6187.938;4808.494;3199.464;2089.461
R5.2OECD;WITCH-GLOBIOM - SSP2-45;Emissions|Kyoto Gases;Mt CO2-equiv/yr;16365.367;16341.228;15782.549;14957.098;14607.096;12934.793;11283.292;9923.103;8377.968;6408.858;4146.779
R5.2OECD;WITCH-GLOBIOM - SSP2-60;Emissions|Kyoto Gases;Mt CO2-equiv/yr;16365.367;16341.228;15842.409;16622.918;17775.762;17086.152;16736.964;16786.359;15973.072;14308.03;12347.838
R5.2OECD;WITCH-GLOBIOM - SSP2-Baseline;Emissions|Kyoto Gases;Mt CO2-equiv/yr;16365.367;16341.228;17988.349;18883.672;19481.506;19836.792;20269.068;21016.184;21764.896;22205.566;21200.214
R5.2OECD;WITCH-GLOBIOM - SSP3-34;Emissions|Kyoto Gases;Mt CO2-equiv/yr;16365.367;16341.228;16414.787;12000.723;10930.885;9146.964;6972.549;4886.004;3377.665;1992.757;1419.578
R5.2OECD;WITCH-GLOBIOM - SSP3-45;Emissions|Kyoto Gases;Mt CO2-equiv/yr;16365.367;16341.228;16883.496;16579.358;15771.33;13511.617;11513.168;9362.334;7397.847;4970.945;2898.741
R5.2OECD;WITCH-GLOBIOM - SSP3-60;Emissions|Kyoto Gases;Mt CO2-equiv/yr;16365.367;16341.228;16769.302;18352.828;19844.171;18602.731;17065.635;15789.554;14406.957;11068.045;8517.572
R5.2OECD;WITCH-GLOBIOM - SSP3-Baseline;Emissions|Kyoto Gases;Mt CO2-equiv/yr;16365.367;16341.228;19557.099;20900.137;21042.586;20864.397;20532.236;20362.214;20857.891;21213.735;21579.127
R5.2OECD;WITCH-GLOBIOM - SSP4-26;Emissions|Kyoto Gases;Mt CO2-equiv/yr;16365.367;16341.228;15397.781;10292.85;8861.618;7387.912;5655.548;4416.764;3201.934;1564.966;667.656
R5.2OECD;WITCH-GLOBIOM - SSP4-34;Emissions|Kyoto Gases;Mt CO2-equiv/yr;16365.367;16341.228;15539.913;14187.222;12370.004;10541.201;8857.929;7249.63;5451.902;3222.438;1817.861
R5.2OECD;WITCH-GLOBIOM - SSP4-45;Emissions|Kyoto Gases;Mt CO2-equiv/yr;16365.367;16341.228;15522.415;16246.322;15280.016;14126.718;12925.83;11816.287;10060.191;8283.89;5407.976
R5.2OECD;WITCH-GLOBIOM - SSP4-60;Emissions|Kyoto Gases;Mt CO2-equiv/yr;16365.367;16341.228;15594.285;17242.885;17049.978;17120.41;16702.153;16228.567;15796.928;15317.297;13085.598
R5.2OECD;WITCH-GLOBIOM - SSP4-Baseline;Emissions|Kyoto Gases;Mt CO2-equiv/yr;16365.367;16341.228;17659.802;17520.343;17708.194;17573.363;17314.495;16779.236;16402.147;15518.89;12898.9
R5.2OECD;WITCH-GLOBIOM - SSP5-34;Emissions|Kyoto Gases;Mt CO2-equiv/yr;16365.367;16341.228;15417.637;9945.323;9805.144;9338.688;8185.773;6941.904;5832.787;3708.504;1345.834
R5.2OECD;WITCH-GLOBIOM - SSP5-45;Emissions|Kyoto Gases;Mt CO2-equiv/yr;16365.367;16341.228;15851.581;13287.887;14007.597;13465.697;12055.899;10046.799;8665.102;6895.189;5022.532
R5.2OECD;WITCH-GLOBIOM - SSP5-60;Emissions|Kyoto Gases;Mt CO2-equiv/yr;16365.367;16341.228;15985.44;16848.022;19459.188;19100.346;17743.017;17337.83;16633.073;14721.367;12595.286
R5.2OECD;WITCH-GLOBIOM - SSP5-Baseline;Emissions|Kyoto Gases;Mt CO2-equiv/yr;16365.367;16341.228;18554.776;20931.115;24048.423;26395.689;28997.71;32590.18;36273.612;37911.807;38580.036
R5.2REF;AIM/CGE - SSP1-26;Emissions|Kyoto Gases;Mt CO2-equiv/yr;4004.642;4186.103;4594.767;3370.603;2107.076;1187.414;584.171;194.219;58.921;-35.295;-56.814
R5.2REF;AIM/CGE - SSP1-34;Emissions|Kyoto Gases;Mt CO2-equiv/yr;4004.642;4186.103;4595.932;4067.083;3616.561;2899.266;2237.523;1661.483;1262.925;953.035;754.028
R5.2REF;AIM/CGE - SSP1-45;Emissions|Kyoto Gases;Mt CO2-equiv/yr;4004.642;4186.103;4615.477;4609.345;4871.706;4249.382;3540.021;3063.907;2646.953;2275.807;1977.662
R5.2REF;AIM/CGE - SSP1-Baseline;Emissions|Kyoto Gases;Mt CO2-equiv/yr;4004.642;4186.008;4596.935;4968.582;5108.398;4810.681;4506.537;4316.644;4120.839;3922.168;3709.664
R5.2REF;AIM/CGE - SSP2-26;Emissions|Kyoto Gases;Mt CO2-equiv/yr;4004.642;4325.369;4699.214;2965.277;1716.37;634.95;84.959;-463.664;-686.247;-869.95;-968.123
R5.2REF;AIM/CGE - SSP2-34;Emissions|Kyoto Gases;Mt CO2-equiv/yr;4004.642;4325.369;4717.12;4048.362;3255.93;2053.692;1018.069;528.633;234.516;22.941;-152.652
R5.2REF;AIM/CGE - SSP2-45;Emissions|Kyoto Gases;Mt CO2-equiv/yr;4004.642;4325.369;4707.729;4890.192;4909.694;4192.364;3315.409;2329.901;1381.094;850.035;488.874
R5.2REF;AIM/CGE - SSP2-60;Emissions|Kyoto Gases;Mt CO2-equiv/yr;4004.642;4325.369;4720.718;5133.238;5348.41;5107.661;4934.256;4828.081;4725.904;4623.765;4521.105
R5.2REF;AIM/CGE - SSP2-Baseline;Emissions|Kyoto Gases;Mt CO2-equiv/yr;4004.642;4325.16;4972.822;5613.495;6209.594;6474.527;6638.615;6825.377;6926.331;7028.146;7096.111
R5.2REF;AIM/CGE - SSP4-26;Emissions|Kyoto Gases;Mt CO2-equiv/yr;4004.642;4240.453;4608.627;3140.796;1938.817;1044.862;438.619;79.812;-114.946;-231.462;-299.004
R5.2REF;AIM/CGE - SSP4-34;Emissions|Kyoto Gases;Mt CO2-equiv/yr;4004.642;4240.453;4626.541;3816.153;3323.779;2619.217;1907.662;1394.701;1030.342;648.181;378.524
R5.2REF;AIM/CGE - SSP4-45;Emissions|Kyoto Gases;Mt CO2-equiv/yr;4004.642;4240.453;4617.147;4494.824;4428.926;3764.84;3141.096;2734.764;2315.513;1825.472;1399.25
R5.2REF;AIM/CGE - SSP4-Baseline;Emissions|Kyoto Gases;Mt CO2-equiv/yr;4004.642;4240.578;4630.875;4943.198;5022.199;4687.844;4402.351;4131.047;3877.403;3622.375;3346.304
R5.2REF;AIM/CGE - SSP5-26;Emissions|Kyoto Gases;Mt CO2-equiv/yr;4004.642;4315.65;4696.139;3028.366;1961.288;-115.767;-1065.595;-1945.75;-2279.678;-2530.557;-2642.527
R5.2REF;AIM/CGE - SSP5-34;Emissions|Kyoto Gases;Mt CO2-equiv/yr;4004.642;4315.65;4716.991;4162.919;3374.236;1719.967;331.366;-593.745;-1139.521;-1472.548;-1583.31
R5.2REF;AIM/CGE - SSP5-45;Emissions|Kyoto Gases;Mt CO2-equiv/yr;4004.642;4315.65;4720.762;4772.681;4602.877;3098.923;1415.671;630.642;286.05;-180.383;-419.242
R5.2REF;AIM/CGE - SSP5-60;Emissions|Kyoto Gases;Mt CO2-equiv/yr;4004.642;4315.65;4722.048;4892.816;5183.398;4593.588;3709.946;3080.386;2660.956;2442.348;2374.311
R5.2REF;AIM/CGE - SSP5-Baseline;Emissions|Kyoto Gases;Mt CO2-equiv/yr;4004.642;4314.873;4959.198;6010.471;7182.752;7943.951;8373.52;8680.165;8744.656;8825.409;8801.943
R5.2REF;IMAGE - SSP2-26;Emissions|Kyoto Gases;Mt CO2-equiv/yr;3374.304;3394.434;3682.385;2631.715;1913.186;1329.006;339.978;-443.585;-1193.38;-1424.436;-1203.473
R5.2REF;IMAGE - SSP2-34;Emissions|Kyoto Gases;Mt CO2-equiv/yr;3374.304;3394.434;3742.311;3354.341;2817.285;2350.072;1826.926;1363.168;833.113;-127.219;-490.599
R5.2REF;IMAGE - SSP2-45;Emissions|Kyoto Gases;Mt CO2-equiv/yr;3374.304;3394.434;3749.299;4003.346;3575.216;3077.174;2653.143;2102.252;1650.948;1144.731;667.088
R5.2REF;IMAGE - SSP2-60;Emissions|Kyoto Gases;Mt CO2-equiv/yr;3374.304;3394.434;3781.78;4172.022;4193.616;3987.954;3849.509;3584.484;3202.074;2888.637;2624.771
R5.2REF;IMAGE - SSP2-Baseline;Emissions|Kyoto Gases;Mt CO2-equiv/yr;3374.304;3394.434;3786.385;4229.621;4479.551;4463.128;4506.65;4390.748;4356.781;4362.55;4357.741
R5.2REF;IMAGE - SSP3-34;Emissions|Kyoto Gases;Mt CO2-equiv/yr;3364.107;3398.771;3964.088;3647.312;2666.944;2010.604;1480.835;1103.276;739.78;407.278;291.982
R5.2REF;IMAGE - SSP3-45;Emissions|Kyoto Gases;Mt CO2-equiv/yr;3364.107;3398.771;3974.101;4152.096;3613.231;3104.33;2560.992;2089.564;1669.586;976.92;518.824
R5.2REF;IMAGE - SSP3-60;Emissions|Kyoto Gases;Mt CO2-equiv/yr;3364.107;3398.771;4010.912;4572.097;4727.791;4549.917;4418.597;4003.145;3478.206;3150.83;2833.077
R5.2REF;IMAGE - SSP3-Baseline;Emissions|Kyoto Gases;Mt CO2-equiv/yr;3364.107;3398.771;4019.685;4767.011;5201.855;5319.892;5381.711;5571.281;5628.577;5901.508;6253.453
R5.2REF;MESSAGE-GLOBIOM - SSP1-26;Emissions|Kyoto Gases;Mt CO2-equiv/yr;3494.862;3515.022;3314.924;2625.524;2399.403;1947.781;1319.847;889.25;549.845;90.273;-212.028
R5.2REF;MESSAGE-GLOBIOM - SSP1-34;Emissions|Kyoto Gases;Mt CO2-equiv/yr;3494.867;3515.039;3315.192;2936.189;2696.255;2573.715;2143.596;1391.042;1005.386;769.001;414.644
R5.2REF;MESSAGE-GLOBIOM - SSP1-45;Emissions|Kyoto Gases;Mt CO2-equiv/yr;3494.868;3515.057;3315.233;3066.833;3039.211;3147.338;2950.383;2433.144;2052.694;1782.303;1208.097
R5.2REF;MESSAGE-GLOBIOM - SSP1-Baseline;Emissions|Kyoto Gases;Mt CO2-equiv/yr;3494.868;3515.08;3372.385;3195.463;3214.555;3546.959;3664.663;3412.541;3345.189;3135.231;3014.817
R5.2REF;MESSAGE-GLOBIOM - SSP3-34;Emissions|Kyoto Gases;Mt CO2-equiv/yr;3494.151;3496.117;3845.923;3368.397;2547.761;1944.677;1447.195;1150.963;917.739;900.045;1052.988
R5.2REF;MESSAGE-GLOBIOM - SSP3-45;Emissions|Kyoto Gases;Mt CO2-equiv/yr;3494.9;3505.489;3921.399;3837.193;3583.669;3394.426;2554.339;2129.845;1824.321;1568.393;1449.999
R5.2REF;MESSAGE-GLOBIOM - SSP3-60;Emissions|Kyoto Gases;Mt CO2-equiv/yr;3495.493;3511.759;4038.756;4420.739;4490.945;4539.971;4332.628;3749.551;2773.999;2471.044;2239.648
R5.2REF;MESSAGE-GLOBIOM - SSP3-Baseline;Emissions|Kyoto Gases;Mt CO2-equiv/yr;3495.443;3511.649;4083.851;4701.828;5186.262;5568.835;5842.004;6523.32;7293.907;8189.465;10165.351
R5.2REF;REMIND-MAGPIE - SSP1-26;Emissions|Kyoto Gases;Mt CO2-equiv/yr;2322;2259;2132;1671;1383;1139;1068;736.2;434.4;272.8;79.92
R5.2REF;REMIND-MAGPIE - SSP1-34;Emissions|Kyoto Gases;Mt CO2-equiv/yr;2322;2259;2138;1988;1904;1668;1402;1064;825.4;513.5;279.4
R5.2REF;REMIND-MAGPIE - SSP1-45;Emissions|Kyoto Gases;Mt CO2-equiv/yr;2322;2259;2138;2125;2095;1853;1681;1500;1300;967.9;755.2
R5.2REF;REMIND-MAGPIE - SSP1-Baseline;Emissions|Kyoto Gases;Mt CO2-equiv/yr;2322;2259;2120;2220;2285;2233;2141;1796;1269;1065;979.4
R5.2REF;REMIND-MAGPIE - SSP2-26;Emissions|Kyoto Gases;Mt CO2-equiv/yr;2319;2237;2093;1784;1515;1166;1231;796.4;412.4;175;79.85
R5.2REF;REMIND-MAGPIE - SSP2-34;Emissions|Kyoto Gases;Mt CO2-equiv/yr;2319;2237;2093;2035;1761;1475;1282;1239;1150;683.6;427
R5.2REF;REMIND-MAGPIE - SSP2-45;Emissions|Kyoto Gases;Mt CO2-equiv/yr;2319;2237;2093;2225;2118;1859;1703;1673;1626;1475;1324
R5.2REF;REMIND-MAGPIE - SSP2-60;Emissions|Kyoto Gases;Mt CO2-equiv/yr;2319;2237;2093;2412;2744;2780;2725;2710;2556;2324;2125
R5.2REF;REMIND-MAGPIE - SSP2-Baseline;Emissions|Kyoto Gases;Mt CO2-equiv/yr;2319;2237;2092;2470;2949;3224;3556;3842;4060;3979;3522
R5.2REF;WITCH-GLOBIOM - SSP1-26;Emissions|Kyoto Gases;Mt CO2-equiv/yr;3960.561;4280.955;4510.002;2083.994;1725.136;1432.637;1112.917;796.367;442.189;125.07;-137.64
R5.2REF;WITCH-GLOBIOM - SSP1-34;Emissions|Kyoto Gases;Mt CO2-equiv/yr;3960.561;4280.955;4723.047;4043.704;3586.266;2849.425;2376.067;1923.813;1308.536;853.89;357.619
R5.2REF;WITCH-GLOBIOM - SSP1-45;Emissions|Kyoto Gases;Mt CO2-equiv/yr;3960.561;4280.955;4694.179;4903.032;5049.267;4669.584;4156.082;3501.159;2775.782;2074.707;1435.696
R5.2REF;WITCH-GLOBIOM - SSP1-60;Emissions|Kyoto Gases;Mt CO2-equiv/yr;3960.561;4280.955;4661.871;5208.481;5744.737;5919.339;5792.011;5581.185;5042.422;4669.455;4106.495
R5.2REF;WITCH-GLOBIOM - SSP1-Baseline;Emissions|Kyoto Gases;Mt CO2-equiv/yr;3960.561;4280.955;4975.843;5567.918;5972.55;6101.998;6016.626;5940.342;5415.094;5044.95;4226.033
R5.2REF;WITCH-GLOBIOM - SSP2-26;Emissions|Kyoto Gases;Mt CO2-equiv/yr;3960.561;4280.955;4685.18;2039.012;1800.309;1533.421;1295.182;1113.219;852.112;536.931;160.466
R5.2REF;WITCH-GLOBIOM - SSP2-34;Emissions|Kyoto Gases;Mt CO2-equiv/yr;3960.561;4280.955;5107.368;3563.553;3256.684;2920.094;2494.683;2192.074;1811.39;1413.988;884.25
R5.2REF;WITCH-GLOBIOM - SSP2-45;Emissions|Kyoto Gases;Mt CO2-equiv/yr;3960.561;4280.955;5179.475;4997.065;5001.966;4442.789;3929.405;3725.643;3242.671;2855.452;2290.993
R5.2REF;WITCH-GLOBIOM - SSP2-60;Emissions|Kyoto Gases;Mt CO2-equiv/yr;3960.561;4280.955;5168.381;5876.772;6399.688;6655.902;6520.051;6482.128;5901.507;5269.806;4693.716
R5.2REF;WITCH-GLOBIOM - SSP2-Baseline;Emissions|Kyoto Gases;Mt CO2-equiv/yr;3960.561;4280.955;5334.644;6314.653;7128.269;7779.582;8317.838;9001.299;9615.74;10208.707;9902.443
R5.2REF;WITCH-GLOBIOM - SSP3-34;Emissions|Kyoto Gases;Mt CO2-equiv/yr;3960.561;4280.955;5445.666;3152.294;2692.631;1984.83;1439.723;1228.563;995.032;708.117;359.277
R5.2REF;WITCH-GLOBIOM - SSP3-45;Emissions|Kyoto Gases;Mt CO2-equiv/yr;3960.561;4280.955;5848.1;5488.076;5088.194;4046.371;3212.505;2729.077;2182.89;1731.111;1375.247
R5.2REF;WITCH-GLOBIOM - SSP3-60;Emissions|Kyoto Gases;Mt CO2-equiv/yr;3960.561;4280.955;5837.396;6689.658;7181.055;6951.16;6502.651;6347.487;5417.094;4286.298;3852.112
R5.2REF;WITCH-GLOBIOM - SSP3-Baseline;Emissions|Kyoto Gases;Mt CO2-equiv/yr;3960.561;4280.955;6075.369;7212.181;8061.612;8530.371;8865.619;9579.45;10110.449;11132.365;11770.153
R5.2REF;WITCH-GLOBIOM - SSP4-26;Emissions|Kyoto Gases;Mt CO2-equiv/yr;3960.561;4280.955;4830.34;2646.89;2263.487;1876.688;1588.383;1341.226;1023.382;641.239;121.503
R5.2REF;WITCH-GLOBIOM - SSP4-34;Emissions|Kyoto Gases;Mt CO2-equiv/yr;3960.561;4280.955;4985.685;4348.517;3916.209;3264.578;2839.316;2459.993;1964.184;1467.56;739.798
R5.2REF;WITCH-GLOBIOM - SSP4-45;Emissions|Kyoto Gases;Mt CO2-equiv/yr;3960.561;4280.955;4939.813;5103.002;5100.163;4710.199;4293.424;3969.606;3364.479;2959.747;2111.227
R5.2REF;WITCH-GLOBIOM - SSP4-60;Emissions|Kyoto Gases;Mt CO2-equiv/yr;3960.561;4280.955;4893.924;5376.096;5848.849;6030.858;6018.691;6033.303;5691.318;5513.197;5014.126
R5.2REF;WITCH-GLOBIOM - SSP4-Baseline;Emissions|Kyoto Gases;Mt CO2-equiv/yr;3960.561;4280.955;5201.216;5776.673;6116.197;6211.853;6157.406;6156.991;5818.266;5572.22;5055.88
R5.2REF;WITCH-GLOBIOM - SSP5-34;Emissions|Kyoto Gases;Mt CO2-equiv/yr;3960.561;4280.955;4916.323;2349.671;2246.581;1875.604;1607.73;1409.742;1157.358;796.556;286.017
R5.2REF;WITCH-GLOBIOM - SSP5-45;Emissions|Kyoto Gases;Mt CO2-equiv/yr;3960.561;4280.955;5244.78;4069.794;3968.145;3882.095;3617.98;3597.323;3494.136;3028.098;2007.999
R5.2REF;WITCH-GLOBIOM - SSP5-60;Emissions|Kyoto Gases;Mt CO2-equiv/yr;3960.561;4280.955;5378.069;5753.656;6340.483;6050.664;4999.136;5012.62;5114.474;4638.731;3973.063
R5.2REF;WITCH-GLOBIOM - SSP5-Baseline;Emissions|Kyoto Gases;Mt CO2-equiv/yr;3960.561;4280.955;5608.661;6771.542;8289.195;9403.543;9961.694;10411.359;10933.18;11011.672;10191.379
