Countries;CO2 total excl. Land Use excl. BB (ktCO2);;;;;CH4 ( ktCH4);;;;;N2O (ktN2O);;;;;HFC tot (GWP100, ktCO2e);;;;;PFC tot (GWP100, ktCO2e);;;;;SF6 tot (ktSF6);;;;;CO2 Land Use (ktCO2);;;;;
;1990;1995;2000;2005;2010;1990;1995;2000;2005;2010;1990;1995;2000;2005;2010;1990;1995;2000;2005;2010;1990;1995;2000;2005;2010;1990;1995;2000;2005;2010;1990;1995;2000;2005;2010;
;;;;;;;;;;;;;;;;;;;;;;;;;;;;;;;;;;;;
Afghanistan;2013.73;2305.02;2456.66;3074.88;6357.08;363.22;375.52;446.87;509.46;642.54;8.87;8.82;10.70;11.30;10.83;0.00;0.00;0.00;0.00;0.00;0.00;0.00;0.00;0.00;0.00;0.00;0.00;0.00;0.00;0.00;0.00;0.00;0.00;0.00;0.00;
Albania;6486.03;2065.37;3137.54;4161.30;4092.34;121.28;131.84;124.23;117.96;123.45;5.03;3.17;4.08;3.31;3.62;0.00;2.67;15.55;61.75;81.56;0.00;0.00;0.00;0.00;0.00;0.00;0.00;0.00;0.00;0.00;121.15;121.15;121.34;889.36;-211.04;
Algeria;67632.52;80029.04;84056.33;97923.23;116212.87;1538.07;1885.86;2145.37;2225.59;2267.88;13.73;11.73;14.85;16.10;20.18;0.04;10.99;60.46;166.79;221.76;0.00;0.00;0.00;0.00;0.00;0.01;0.00;0.01;0.01;0.01;880.00;880.00;880.00;513.33;-6746.67;
Andorra;;;;;;;;;;;;;;;;;;;;;;;;;;;;;;;-19.46;-19.46;-19.46;-28.92;-38.94;
Angola;11285.76;13025.84;16601.29;16199.45;24409.17;1050.30;1020.02;750.40;778.98;885.83;57.17;47.27;9.67;9.83;11.52;0.00;0.01;0.66;19.30;25.16;0.00;0.00;0.00;0.00;0.00;0.00;0.00;0.00;0.00;0.00;83384.43;83384.43;82397.21;94767.62;81040.65;
Antigua and Barbuda;290.49;309.31;334.40;364.75;415.33;1.69;1.79;1.75;1.89;2.02;0.05;0.06;0.07;0.08;0.08;0.00;0.44;2.76;6.26;8.37;0.00;0.00;0.00;0.00;0.00;0.00;0.00;0.00;0.00;0.00;-18.06;-18.06;-18.06;-3.77;93.44;
Argentina;107016.00;123744.45;144345.82;158242.57;187705.81;4861.08;4866.45;4724.48;4767.89;4153.73;124.26;124.24;135.84;162.00;167.94;206.32;56.22;62.96;218.13;222.34;1943.31;134.00;132.39;111.26;99.89;0.01;0.01;0.01;0.01;0.00;65804.43;65804.43;65319.88;87669.16;94811.27;
Armenia;20744.35;3672.34;3714.02;4586.51;4278.55;137.61;115.59;122.16;140.96;158.51;2.60;1.51;1.49;1.88;3.18;0.03;6.79;41.99;332.16;435.31;0.00;0.00;0.00;0.00;0.00;0.00;0.00;0.00;0.00;0.00;128.33;128.33;128.33;117.33;124.67;
Australia;275952.01;300875.74;356112.39;409898.59;418276.46;5483.32;5363.68;6101.55;5817.71;5838.69;202.88;185.44;243.81;203.00;166.01;612.48;882.98;2545.67;5145.55;6671.74;3890.36;1675.13;1206.70;872.72;471.52;0.02;0.02;0.02;0.02;0.00;-2929.01;-2929.01;-2958.81;43688.53;-456.93;
Austria;61597.95;63965.77;66601.91;80587.03;75631.67;477.58;455.28;427.85;402.69;399.67;17.14;21.10;17.13;14.50;12.12;30.94;309.02;1018.35;1891.23;2520.25;1035.84;95.22;179.44;228.34;228.34;0.02;0.03;0.01;0.01;0.30;-11858.33;-11858.33;-11858.34;-7091.82;-4158.47;
Azerbaijan;53284.23;32034.94;28011.87;30424.61;24702.15;545.64;434.17;474.03;576.30;876.21;8.60;5.98;6.55;8.24;8.54;0.01;1.08;8.48;55.39;72.75;178.94;24.10;32.82;209.77;219.89;0.00;0.00;0.00;0.00;0.00;-1150.25;-1150.25;-1150.25;-947.21;-7464.93;
Bahamas;2893.45;2944.60;2735.48;3172.52;3871.64;6.74;7.63;8.32;9.36;10.58;0.19;0.22;0.26;0.31;0.41;0.00;0.00;0.00;0.00;0.00;0.00;0.00;0.00;0.00;0.00;0.00;0.00;0.00;0.00;0.00;-1451.76;-1451.76;-1451.76;-966.89;4910.27;
Bahrain;12641.16;12988.44;15549.56;16277.35;18858.39;85.72;92.94;113.46;132.36;157.73;0.23;0.25;0.29;0.38;0.42;0.00;0.00;0.00;0.00;0.00;2535.73;312.34;236.07;278.62;261.76;0.00;0.00;0.00;0.00;0.00;-3.31;-3.31;-3.31;-3.47;-4.29;
Bangladesh;13166.38;19450.74;25470.84;37977.26;59764.66;4147.28;4068.23;4249.86;4485.61;4908.56;52.26;69.22;71.79;79.60;84.39;0.00;0.00;0.00;0.00;0.00;0.00;0.00;0.00;0.00;0.00;0.00;0.00;0.00;0.00;0.00;32237.82;32237.82;32189.65;31252.92;20840.75;
Barbados;985.57;930.53;1228.91;1221.65;1292.61;6.12;5.90;5.77;4.92;5.11;0.23;0.21;0.22;0.18;0.19;0.00;0.00;0.00;0.00;0.00;0.00;0.00;0.00;0.00;0.00;0.00;0.00;0.00;0.00;0.00;-17.76;-17.76;-17.76;-11.83;60.07;
Belarus;106649.49;61512.24;57025.34;62300.20;69376.16;888.06;706.53;634.39;668.85;782.74;64.99;42.30;42.84;46.70;43.46;0.03;14.50;107.69;440.19;581.55;2.56;7.49;23.95;23.40;31.30;0.00;0.00;0.00;0.00;0.00;-10075.20;-10075.20;-10064.16;-18256.27;-26549.66;
Belgium;114893.91;121505.47;123205.86;116651.52;111320.64;592.62;578.94;527.57;458.27;458.68;31.70;38.59;42.05;38.70;32.68;0.53;196.81;997.73;1882.61;2527.33;4.32;7.94;25.21;25.68;33.81;0.01;0.01;0.01;0.00;0.03;-3683.57;-3683.57;-3185.35;-3230.03;-2614.03;
Belize;500.32;503.85;698.71;789.96;948.69;8.09;7.64;7.95;8.93;10.67;0.42;0.39;0.47;0.46;0.63;0.00;0.00;0.00;0.00;0.00;0.00;0.00;0.00;0.00;0.00;0.00;0.00;0.00;0.00;0.00;5056.02;5056.02;4998.33;6676.05;5081.59;
Benin;405.56;408.87;1559.66;2824.21;5070.01;243.79;235.60;214.47;208.44;325.98;12.04;11.65;10.79;9.42;15.39;0.00;0.00;0.00;0.00;0.00;0.00;0.00;0.00;0.00;0.00;0.00;0.00;0.00;0.00;0.00;14776.67;14776.67;14776.67;10530.67;10538.00;
Bhutan;752.32;761.74;633.88;633.02;1192.65;43.76;54.99;49.16;49.20;82.62;0.58;0.61;0.91;0.70;1.76;0.00;0.00;0.00;0.00;0.00;0.00;0.00;0.00;0.00;0.00;0.00;0.00;0.00;0.00;0.00;-4106.67;-4106.67;-4106.67;-4400.00;-2933.33;
Bolivia;6513.44;8319.44;8265.40;10341.80;15171.09;1068.38;978.63;941.23;1421.09;1084.82;47.12;41.65;36.56;49.30;30.78;0.00;0.00;0.00;0.00;0.00;0.00;0.00;0.00;0.00;0.00;0.00;0.00;0.00;0.00;0.00;77366.67;77366.67;77366.67;77000.00;87266.67;
Bosnia and Herzegovina;24437.26;3509.60;14251.10;16780.87;21959.86;218.55;79.24;127.22;126.94;146.60;4.06;2.40;5.39;3.25;3.55;0.00;2.31;79.79;422.47;556.96;616.67;93.97;329.86;144.40;26.31;0.00;0.00;0.00;0.00;0.00;-3834.08;-7898.98;-7846.64;136.11;135.10;
Botswana;2993.87;3534.02;4399.02;4623.31;5197.04;289.24;258.55;187.68;221.80;207.66;17.40;14.66;8.06;9.88;7.05;0.00;0.00;0.00;0.00;0.00;0.00;0.00;0.00;0.00;0.00;0.00;0.00;0.00;0.00;0.00;36801.56;36801.56;40902.83;38901.75;15338.11;
Brazil;217375.23;263421.41;336904.88;355678.70;424025.42;15222.80;16906.50;16334.60;23444.60;21992.20;505.89;555.39;544.75;772.00;669.92;1930.69;2428.03;147.39;1793.37;1524.11;4987.96;4393.04;4215.68;5738.74;5946.24;0.06;0.04;0.03;0.05;0.01;878674.75;878674.75;878634.47;1090866.78;517990.51;
Brunei Darussalam;3338.70;4699.37;4925.45;5180.59;7362.14;171.96;199.58;184.84;217.65;211.92;1.84;1.98;1.27;2.11;1.08;0.02;4.96;100.70;255.63;341.88;0.00;0.00;0.00;0.00;0.00;0.00;0.00;0.00;0.00;0.00;2081.72;2081.72;1896.76;2016.34;1959.52;
Bulgaria;80991.43;58779.05;46742.18;51876.09;48689.09;746.45;645.93;656.35;608.49;571.94;29.91;27.60;16.25;13.60;14.45;0.03;24.91;103.11;361.58;477.86;2.17;6.06;19.09;18.53;24.74;0.00;0.00;0.00;0.00;0.00;-11211.36;-11211.36;-11199.22;-13728.81;-9911.49;
Burkina Faso;755.71;1141.15;1227.62;1455.93;2162.72;344.68;401.53;430.46;559.35;698.28;13.55;15.43;17.97;21.00;23.30;0.00;0.00;0.00;0.00;0.00;0.00;0.00;0.00;0.00;0.00;0.00;0.00;0.00;0.00;0.00;10633.33;10633.33;10633.33;8800.00;11000.00;
Burundi;498.81;727.71;672.45;859.10;1034.96;81.74;87.99;71.66;108.56;126.93;2.17;2.07;1.69;2.08;2.50;0.00;0.00;0.00;0.00;0.00;0.00;0.00;0.00;0.00;0.00;0.00;0.00;0.00;0.00;0.00;8080.13;8080.13;8302.37;4615.49;-1433.58;
Cabo Verde;47.47;49.28;79.96;75.98;91.23;3.96;4.91;5.27;6.11;7.07;0.14;0.20;0.20;0.22;0.26;0.00;0.00;0.00;0.00;0.00;0.00;0.00;0.00;0.00;0.00;0.00;0.00;0.00;0.00;0.00;-403.33;-403.33;-403.33;0.00;-73.33;
Cambodia;933.60;1489.33;1987.02;2675.91;4152.24;719.80;760.49;713.57;975.07;1676.70;12.54;13.80;10.63;19.50;52.77;0.00;0.00;0.00;0.00;0.00;0.00;0.00;0.00;0.00;0.00;0.00;0.00;0.00;0.00;0.00;26400.00;26400.00;26400.00;30800.00;22733.33;
Cameroon;5483.99;5965.58;6652.81;6533.82;8736.68;760.96;688.88;754.42;652.36;868.13;33.74;31.87;34.66;29.10;43.96;0.00;0.00;0.00;0.00;0.00;932.32;661.05;514.71;417.46;248.37;0.00;0.00;0.00;0.00;0.00;111599.65;111599.65;111620.52;111645.96;110173.15;
Canada;448401.14;481079.89;550203.66;556954.99;544771.26;3674.45;5220.11;4865.23;5167.59;4977.55;148.63;227.67;147.26;150.00;106.48;418.55;1378.85;6202.75;11928.40;15863.75;8631.38;8112.39;7178.00;6320.78;5534.16;0.17;0.19;0.21;0.17;0.11;61883.57;61883.57;34582.07;250029.90;175542.08;
Central African Republic;362.71;502.17;516.60;554.88;654.82;2012.04;1793.24;1269.68;1225.71;3999.85;164.48;146.54;100.96;97.40;318.32;0.00;0.00;0.00;0.00;0.00;0.00;0.00;0.00;0.00;0.00;0.00;0.00;0.00;0.00;0.00;13938.34;13938.34;13939.65;13934.15;13200.00;
Chad;416.77;652.40;686.34;985.76;1115.17;477.98;483.86;563.41;615.03;857.32;25.99;24.62;28.86;28.80;47.00;0.00;0.00;0.00;0.00;0.00;0.00;0.00;0.00;0.00;0.00;0.00;0.00;0.00;0.00;0.00;8066.67;8066.67;8066.67;7333.33;25666.67;
Chile;33221.55;41538.40;54375.55;59859.83;73548.10;570.88;690.57;806.14;866.51;858.10;17.08;20.49;24.22;26.70;28.30;0.00;0.00;0.00;0.00;0.00;0.15;0.18;0.20;0.23;0.25;0.00;0.00;0.00;0.00;0.00;-12621.45;-12621.45;-12625.43;-7016.26;-7492.10;
China;2447163.03;3470729.98;3789535.56;6698177.55;9053631.05;48424.30;51210.30;49685.60;63228.20;78202.80;1098.23;1316.43;1382.63;1630.00;1775.15;5970.09;8897.82;38094.00;146690.00;191825.59;4674.49;7740.30;8034.40;10562.80;12358.70;0.07;0.18;0.45;1.21;0.46;-322050.98;-322050.98;-322159.16;-339816.67;-396170.80;
China_Taiwan;125036.07;170652.90;230894.84;270637.72;272651.42;299.88;340.36;366.52;394.86;422.93;12.77;14.93;15.27;16.60;16.04;1.84;9.92;69.07;99.22;134.34;124.88;672.14;4146.33;3209.32;4482.07;0.08;0.05;0.07;0.14;0.13;0.00;0.00;0.00;0.00;0.00;
Colombia;52366.65;61823.16;61664.26;60505.19;64093.99;2392.97;2504.22;2624.69;2749.78;3173.62;65.53;66.15;67.75;69.10;81.09;0.00;0.00;0.00;0.00;0.00;0.15;0.18;0.20;0.23;0.25;0.00;0.00;0.00;0.00;0.00;148580.19;148580.19;148543.07;170153.69;163341.02;
Comoros;47.83;56.78;64.62;74.22;99.00;8.62;9.69;10.66;11.67;13.25;0.14;0.15;0.17;0.17;0.19;0.00;0.01;0.01;0.23;0.30;0.00;0.00;0.00;0.00;0.00;0.00;0.00;0.00;0.00;0.00;55.00;55.00;55.00;80.67;73.33;
Congo;2363.49;2658.83;4511.22;4410.29;5364.33;342.58;318.51;383.31;366.24;334.09;14.04;12.39;11.03;11.60;9.35;0.00;0.11;0.85;4.75;6.24;0.00;0.00;0.00;0.00;0.00;0.00;0.00;0.00;0.00;0.00;12829.27;12829.27;11889.50;13241.17;9784.83;
Congo_the Democratic Republic of the;3362.06;3345.58;2750.75;2776.22;3249.02;4682.83;3886.09;3033.10;2746.89;3517.09;281.18;241.58;188.80;176.00;214.94;0.00;0.00;0.00;0.00;0.00;0.00;0.00;0.00;0.00;0.00;0.00;0.00;0.00;0.00;0.00;146570.96;146570.96;146258.09;146242.46;147048.95;
Cook Islands;8.79;12.36;27.61;23.67;28.65;0.15;0.20;0.21;0.17;0.18;0.01;0.01;0.01;0.01;0.01;0.00;0.00;0.00;0.00;0.00;0.00;0.00;0.00;0.00;0.00;0.00;0.00;0.00;0.00;0.00;-49.51;-49.51;-49.51;-9.69;-47.79;
Costa Rica;2911.89;4973.16;5093.87;6619.05;7235.16;179.45;145.32;138.90;115.95;108.15;6.00;6.21;5.43;4.75;4.95;0.01;2.67;25.24;61.47;82.16;0.00;0.00;0.00;0.00;0.00;0.00;0.00;0.00;0.00;0.00;6181.99;6181.99;6187.70;-7629.71;-7630.02;
Cote d'Ivoire;2933.32;3656.26;6752.15;6379.09;6734.67;578.39;575.23;677.95;594.02;768.49;24.57;24.44;27.28;24.10;31.73;0.00;0.00;0.00;0.00;0.00;0.00;0.00;0.00;0.00;0.00;0.00;0.00;0.00;0.00;0.00;-5904.14;-5904.14;-5899.58;-9170.44;5432.58;
Croatia;24793.40;16535.99;19057.14;22500.11;20680.20;198.38;185.95;188.26;215.07;239.76;15.27;12.07;12.21;11.70;9.49;0.01;2.99;16.26;47.49;63.06;890.42;293.78;63.02;10.92;10.92;0.00;0.00;0.00;0.00;0.00;-13949.48;-11614.44;-11603.54;-11623.33;-9584.67;
Cuba;36948.97;23658.27;28752.47;26089.86;30809.87;574.39;496.12;502.91;441.63;399.70;31.31;24.30;23.64;20.70;18.70;0.03;5.47;34.19;127.83;169.05;0.00;0.00;0.00;0.00;0.00;0.00;0.00;0.00;0.00;0.00;-34796.67;-34796.67;-34796.67;-32706.67;37693.33;
Cyprus;4531.80;5599.44;7009.61;7864.77;7958.48;20.99;24.93;27.06;29.41;30.38;0.78;0.88;0.83;0.93;1.02;0.04;15.01;78.37;188.33;251.16;0.00;0.00;0.00;0.00;0.00;0.00;0.00;0.00;0.00;0.00;-66.37;-66.37;-66.37;-113.67;-387.93;
Czech Republic;168676.53;131952.31;129708.82;125671.18;120170.98;868.91;554.46;617.00;573.99;573.02;32.29;26.99;30.75;23.00;23.52;0.08;82.40;399.54;1078.74;1434.05;2.81;5.10;28.84;27.52;37.30;0.00;0.00;0.00;0.00;0.00;-12363.90;-12539.18;-12513.44;-12276.42;-6776.39;
Denmark;52871.94;60749.62;53103.45;50698.79;48257.70;380.06;390.53;387.10;378.90;369.91;26.74;24.50;22.89;18.70;17.45;0.34;129.48;662.21;1249.54;1677.57;6.28;15.98;38.14;36.44;47.71;0.00;0.01;0.00;0.00;0.02;605.82;605.82;605.72;1705.19;971.86;
Djibouti;805.53;508.64;742.43;959.43;1276.86;19.89;23.30;26.70;28.12;29.60;0.60;0.69;0.77;0.79;0.81;0.00;0.00;0.00;0.00;0.00;0.00;0.00;0.00;0.00;0.00;0.00;0.00;0.00;0.00;0.00;0.00;0.00;0.00;0.00;0.00;
Dominica;84.69;97.87;126.45;135.75;157.38;1.73;1.78;1.82;1.84;1.90;0.08;0.06;0.07;0.06;0.07;0.00;0.00;0.00;0.00;0.00;0.00;0.00;0.00;0.00;0.00;0.00;0.00;0.00;0.00;0.00;-43.28;-43.28;-43.28;11.68;525.60;
Dominican Republic;8026.15;11976.02;18554.19;19295.48;20694.15;285.86;321.97;296.99;318.69;320.31;6.87;7.73;7.17;7.52;6.93;0.00;0.00;0.00;0.00;0.00;0.00;0.00;0.00;0.00;0.00;0.00;0.00;0.00;0.00;0.00;-10010.00;-10010.00;-10010.00;-8653.33;-8726.67;
Ecuador;16984.34;19097.53;19834.39;27230.39;36681.86;523.20;678.94;611.92;720.68;736.99;10.30;13.11;13.13;14.70;17.19;0.01;4.03;19.68;62.19;82.41;0.00;0.00;0.00;0.00;0.00;0.00;0.00;0.00;0.00;0.00;42437.22;42437.22;42437.26;33882.89;33882.89;
Egypt;89860.68;97113.23;120145.57;171096.25;208169.34;1285.40;1500.39;1712.21;2283.77;2426.56;61.51;81.90;70.62;78.70;79.41;0.03;10.43;94.68;315.45;418.50;1280.83;1235.41;1363.82;1747.08;1899.80;0.03;0.03;0.05;0.05;0.00;-547.43;-547.43;-547.43;-583.73;-218.53;
El Salvador;2588.64;5112.39;5770.74;6857.28;6683.65;127.28;128.33;133.21;150.10;141.56;4.31;4.13;4.39;4.51;4.47;0.00;0.07;41.44;76.37;103.42;0.00;0.00;0.00;0.00;0.00;0.00;0.00;0.00;0.00;0.00;871.08;871.08;871.08;875.36;833.70;
Equatorial Guinea;72.86;1269.15;2500.06;3340.47;2924.83;5.60;37.54;80.26;120.50;138.17;0.06;0.08;0.11;0.12;0.12;0.00;0.00;0.00;0.00;0.00;0.00;0.00;0.00;0.00;0.00;0.00;0.00;0.00;0.00;0.00;5323.67;5323.67;5323.65;5360.31;5433.65;
Eritrea;48.88;810.62;673.85;614.01;515.97;98.60;95.81;127.73;124.46;135.10;3.32;2.98;4.39;3.84;3.98;0.00;0.00;0.00;0.00;0.00;0.00;0.00;0.00;0.00;0.00;0.00;0.00;0.00;0.00;0.00;;1219.22;1219.27;616.44;581.04;
Estonia;36910.41;16825.85;15192.10;17664.17;18549.46;162.26;100.47;101.72;105.35;110.55;6.42;3.70;3.09;3.64;2.94;0.00;1.24;7.84;33.79;44.58;0.55;1.24;3.47;3.42;4.50;0.00;0.00;0.00;0.00;0.00;-502.97;-502.97;-506.83;6818.38;1194.73;
Ethiopia;2396.86;2702.46;3706.24;5303.30;6283.29;1903.87;1993.05;2199.61;2521.89;3010.32;81.54;78.22;86.00;97.60;126.04;0.00;0.15;3.62;10.28;13.71;0.00;0.00;0.00;0.00;0.00;0.00;0.00;0.00;0.00;0.00;32842.00;31622.78;29197.45;32018.13;29385.71;
European Union;;;;;;;;;;;;;;;;;;;;;;;;;;;;;;;;;;;;
Fiji;582.63;596.80;532.61;885.25;1161.70;30.25;34.98;33.56;33.16;33.36;1.14;1.27;1.11;1.22;1.09;0.00;0.00;0.00;0.00;0.00;0.00;0.00;0.00;0.00;0.00;0.00;0.00;0.00;0.00;0.00;-1678.89;-1678.89;-1678.89;-2047.80;624.28;
Finland;56514.96;61018.05;59817.03;59802.83;66894.55;479.46;485.86;492.51;464.76;425.37;25.20;22.85;22.45;22.80;18.77;0.12;62.28;378.19;754.89;1012.91;3.94;5.03;50.33;30.50;42.99;0.00;0.01;0.00;0.00;0.00;-24558.81;-24558.81;-24559.10;-15828.62;-20098.52;
France;387191.54;383261.27;405964.52;418533.61;390689.57;3607.12;3534.52;4078.42;3948.17;3991.72;238.29;224.54;171.92;162.00;124.76;4654.30;4050.54;9406.39;12734.70;15694.41;1676.87;1304.10;1255.85;805.39;539.12;0.14;0.11;0.10;0.07;0.04;-23245.43;-23245.43;-23289.65;-77790.15;-50891.03;
Gabon;6166.39;5655.73;6493.53;6515.51;5638.75;165.64;189.70;194.38;204.67;181.82;0.99;1.01;0.82;1.54;2.65;0.00;0.59;2.92;8.43;11.19;0.00;0.00;0.00;0.00;0.00;0.00;0.00;0.00;0.00;0.00;406.69;406.69;403.01;411.09;396.05;
Gambia;99.62;123.30;150.50;177.34;226.07;29.25;31.39;34.37;35.92;48.52;1.07;1.06;1.21;1.19;1.58;0.00;0.00;0.00;0.00;0.00;0.00;0.00;0.00;0.00;0.00;0.00;0.00;0.00;0.00;0.00;-451.00;-451.00;-451.00;-454.67;-454.67;
Georgia;34505.62;8468.55;5179.60;4765.98;5685.62;239.77;196.01;197.02;210.15;231.55;9.45;5.77;7.86;7.82;7.31;0.00;0.36;2.46;11.83;15.59;0.00;0.00;0.00;0.00;0.00;0.00;0.00;0.00;0.00;0.00;-4033.33;-4033.33;-4033.33;-3527.33;-3520.00;
Germany;1007786.76;907280.24;859257.86;827057.52;804371.47;5499.35;4408.00;3628.96;2941.14;2726.70;229.41;236.92;173.99;172.00;136.93;2581.45;4516.95;11277.60;14684.60;18991.61;4420.42;1817.21;1919.10;1702.69;897.56;0.23;0.33;0.23;0.23;0.20;-50559.49;-50559.49;-50559.90;-18300.31;-13900.36;
Ghana;3143.06;4055.61;6101.78;7206.01;11142.31;377.37;427.77;458.47;475.02;984.03;16.46;15.88;17.00;15.50;55.64;0.00;0.37;1.85;7.85;10.35;596.19;323.81;146.07;6.93;6.93;0.00;0.00;0.00;0.00;0.00;20466.90;20466.90;20466.33;37538.33;-7158.34;
Greece;78245.05;84495.62;96181.29;103962.80;89110.82;368.31;367.20;385.70;391.17;400.93;25.84;22.46;21.28;22.80;16.51;507.17;1799.73;2368.39;1911.39;2389.52;1675.87;717.70;311.28;137.55;137.55;0.01;0.01;0.01;0.00;0.04;-685.56;-685.56;-684.28;-691.93;-697.56;
Grenada;1.94;2.04;2.15;2.29;2.38;1.18;1.27;1.46;1.61;1.71;0.03;0.04;0.05;0.07;0.08;0.00;0.00;0.00;0.00;0.00;0.15;0.18;0.20;0.23;0.25;0.00;0.00;0.00;0.00;0.00;0.00;0.00;0.00;351.27;-175.27;
Guatemala;3899.00;6724.76;9585.28;11671.12;11785.54;228.49;255.20;923.08;400.17;321.07;8.05;9.70;46.67;17.50;14.57;0.05;23.98;157.57;477.79;634.47;0.00;0.00;0.00;0.00;0.00;0.00;0.00;0.00;0.00;0.00;15253.33;15253.33;15253.33;15180.00;15913.33;
Guinea;1126.31;1234.89;1372.14;1389.61;1754.33;414.94;399.95;419.87;481.36;1337.71;18.55;18.19;17.92;19.60;67.22;0.00;0.00;0.00;0.00;0.00;0.00;0.00;0.00;0.00;0.00;0.00;0.00;0.00;0.00;0.00;13701.85;13701.85;13652.06;13663.60;13281.50;
Guinea-Bissau;151.53;155.41;186.79;220.08;282.23;41.03;43.53;45.76;50.84;66.32;1.70;1.72;1.77;2.21;3.13;0.00;0.00;0.00;0.00;0.00;0.00;0.00;0.00;0.00;0.00;0.00;0.00;0.00;0.00;0.00;1466.67;1466.67;1466.67;2200.00;1466.67;
Guyana;1655.75;1842.62;2531.80;2428.41;2705.41;59.82;80.22;51.40;62.57;99.16;6.64;6.64;6.08;6.49;6.71;0.00;0.00;0.00;0.00;0.00;0.00;0.00;0.00;0.00;0.00;0.00;0.00;0.00;0.00;0.00;9594.33;9594.33;8067.89;12277.26;8634.51;
Haiti;1135.51;1121.14;1597.81;2221.38;2301.66;157.51;179.87;196.79;202.64;214.54;2.94;3.37;4.52;4.70;4.73;0.00;0.00;0.00;0.00;0.00;0.00;0.00;0.00;0.00;0.00;0.00;0.00;0.00;0.00;0.00;143.00;143.00;143.00;154.00;161.33;
Honduras;2339.47;3767.41;4983.35;7720.45;8005.13;189.11;191.87;164.14;248.63;272.84;7.83;9.54;10.14;9.89;10.14;0.00;0.00;0.00;0.00;0.00;0.00;0.00;0.00;0.00;0.00;0.00;0.00;0.00;0.00;0.00;40333.33;40333.33;40333.33;28600.00;27866.67;
Hungary;70727.81;60409.49;57552.79;59288.28;51434.62;479.42;356.17;392.45;376.19;346.79;34.91;20.41;25.86;25.20;13.60;0.07;69.41;428.21;1191.44;1584.73;686.04;318.17;333.76;318.20;209.40;0.00;0.00;0.00;0.00;0.03;3590.08;3590.08;3597.16;5275.84;3065.12;
Iceland;2334.94;2435.96;2851.51;3125.99;3658.00;16.27;15.83;16.03;15.99;18.25;1.32;1.23;1.27;1.24;1.18;0.01;3.73;22.27;46.55;62.37;1033.40;69.76;104.55;101.62;117.55;0.00;0.00;0.00;0.00;1.69;-20.08;-20.08;-20.14;-51.33;-73.33;
India;652486.70;867356.33;1059186.92;1258595.47;1840778.77;24462.10;25822.40;26749.20;27841.70;29594.30;547.09;643.34;695.77;730.00;755.28;1702.06;3294.03;8107.16;9845.19;12769.44;2103.98;1678.40;2008.76;1115.82;852.41;0.24;0.14;0.14;0.19;0.00;-47947.52;-47947.52;-47948.37;-166023.29;-127157.08;
Indonesia;159308.59;234219.33;291787.92;358588.34;419709.12;10072.90;9529.85;8096.77;14640.70;10425.60;324.37;322.88;306.24;539.00;294.56;0.00;0.00;0.00;0.00;0.00;657.87;546.88;170.59;134.37;98.15;0.04;0.04;0.03;0.04;0.00;901983.19;901983.19;768498.26;1100954.03;1297918.91;
Int. Aviation;258943.14;291218.53;355385.27;423202.09;462438.75;2.06;2.16;2.50;2.97;3.22;14.80;15.09;17.37;20.70;12.90;0.00;0.00;0.00;0.00;0.00;0.00;0.00;0.00;0.00;0.00;0.00;0.00;0.00;0.00;0.00;;;;;;
Int. Shipping;367521.43;426843.71;493767.96;572544.40;660729.57;41.12;46.73;54.81;63.32;74.32;50.38;56.92;65.58;73.20;15.75;0.00;0.00;0.00;0.00;0.00;0.00;0.00;0.00;0.00;0.00;0.00;0.00;0.00;0.00;0.00;;;;;;
Iran, Islamic Republic of;204193.43;277653.01;350958.78;467096.83;570492.93;2702.33;3293.04;3798.50;4775.75;5490.59;62.27;71.70;81.55;91.50;77.25;0.00;0.00;0.00;0.00;0.00;209.78;297.39;133.06;113.10;67.67;0.10;0.07;0.07;0.10;0.07;-172.33;-172.33;-172.33;-3446.67;-3102.00;
Iraq;67847.89;112807.71;86066.72;90988.42;124252.71;1020.07;632.92;1063.25;983.71;1136.84;15.30;15.29;16.85;15.20;15.84;0.00;0.00;0.00;0.00;0.00;0.00;0.00;0.00;0.00;0.00;0.01;0.01;0.01;0.00;0.00;-987.53;-987.53;-987.53;-968.18;-1700.85;
Ireland;32273.61;34666.58;43618.14;47466.31;41718.93;661.15;690.36;709.36;712.36;662.41;27.73;28.86;28.72;25.80;24.89;1.24;60.04;416.28;859.72;1152.89;1.36;100.59;415.59;221.79;319.42;0.00;0.00;0.00;0.00;0.06;-2317.87;-2317.87;-2319.54;-1814.36;-7149.83;
Israel;35169.83;48066.84;59098.22;61686.03;70166.64;90.96;115.17;128.36;164.40;159.46;5.21;6.18;6.50;6.87;5.54;4.56;131.68;691.93;1304.97;1751.12;43.83;82.32;90.50;108.75;129.04;0.04;0.03;0.04;0.02;0.02;110.00;110.00;110.00;-73.33;0.00;
Italy;424391.39;433214.91;454232.80;491533.62;420570.24;2246.08;2213.80;2228.15;1911.65;1798.09;101.97;96.11;100.66;94.50;63.33;1972.21;3176.57;7099.48;9114.45;11649.41;1031.85;420.46;645.31;667.53;580.72;0.05;0.05;0.05;0.04;0.05;-34283.75;-34283.75;-34287.55;-35019.82;-34287.04;
Jamaica;7508.90;8780.58;10205.94;10616.46;7895.21;58.86;66.82;65.54;62.06;61.46;1.55;1.90;2.01;2.09;2.08;0.01;3.55;17.81;50.30;66.82;0.00;0.00;0.00;0.00;0.00;0.00;0.00;0.00;0.00;0.00;774.55;774.55;781.26;814.14;814.67;
Japan;1170069.67;1245660.17;1274129.88;1311257.96;1242266.00;3187.50;2854.42;2261.72;2012.17;1918.38;119.35;122.81;104.29;96.40;83.10;9154.34;33239.30;34139.80;40768.50;50342.80;5201.48;12078.90;9588.10;8162.05;8801.14;0.60;0.79;0.30;0.19;0.19;-74330.41;-74330.41;-74332.84;-39119.07;-142546.82;
Jordan;10187.63;13846.65;15570.58;19886.82;20654.08;41.24;58.31;66.64;87.23;98.73;2.03;2.61;2.56;2.76;1.91;0.00;0.04;19.71;110.33;145.40;0.00;0.00;0.00;0.00;0.00;0.00;0.00;0.00;0.00;0.00;0.00;0.00;0.00;0.00;0.00;
Kazakhstan;250649.29;181276.52;130592.63;181545.85;242123.04;3305.36;2079.26;1846.60;2587.78;3216.29;101.73;59.79;47.95;53.80;56.30;0.03;11.39;57.54;336.66;442.26;0.00;0.00;0.00;0.00;0.00;0.00;0.00;0.00;0.00;0.00;300.40;300.40;297.05;-131.68;0.28;
Kenya;6429.61;6621.41;8525.71;8832.18;13178.90;967.82;1032.22;1061.11;1219.75;1308.44;29.95;30.27;29.83;34.20;36.66;0.00;0.00;0.00;0.00;0.00;0.00;0.00;0.46;0.46;0.64;0.00;0.00;0.00;0.00;0.00;58613.66;58613.66;58512.52;-47194.71;-30533.90;
Kiribati;20.00;22.44;28.81;28.42;35.35;0.48;0.53;0.61;0.68;0.76;0.01;0.01;0.01;0.01;0.01;0.00;0.00;0.00;0.00;0.00;0.00;0.00;0.00;0.00;0.00;0.00;0.00;0.00;0.00;0.00;-7.51;-7.51;-7.51;-7.27;-5.62;
Korea, Democratic People's Republic of;130805.37;88225.56;73527.28;79460.92;69031.32;1029.79;846.43;824.94;919.08;886.25;31.41;14.08;11.04;10.90;10.46;0.17;73.09;1760.06;2787.06;3791.82;0.00;0.00;0.00;0.00;0.00;0.00;0.00;0.00;0.00;0.00;12307.46;12307.46;12301.75;11935.08;14135.08;
Korea, Republic of;268064.93;400532.75;478539.07;513027.19;593699.87;1490.53;1431.88;1472.21;1523.17;1523.10;33.99;52.46;59.93;46.50;47.37;1901.74;3340.34;8371.85;4933.90;6346.70;782.61;1149.10;2164.90;2453.67;3056.57;0.15;0.16;0.17;0.19;0.21;-34466.67;-34466.67;-34466.67;-43266.67;-48400.00;
Kuwait;32220.71;39739.27;54317.01;74711.95;86845.33;258.10;485.94;493.75;616.46;592.49;1.91;3.07;3.33;3.47;2.23;0.15;30.34;147.35;539.57;713.10;0.00;0.00;0.00;0.00;0.00;0.01;0.02;0.01;0.02;0.06;-31.21;-31.21;-31.21;-32.79;-41.64;
Kyrgyzstan;23604.64;4668.24;4754.97;4162.64;4982.79;277.27;176.10;165.99;171.01;188.97;9.39;4.67;4.68;4.39;4.73;0.00;1.11;7.95;24.00;31.88;0.00;0.00;0.00;0.00;0.00;0.00;0.00;0.00;0.00;0.00;-2417.13;-2417.13;-2399.99;-2420.00;14446.67;
Lao People's Democratic Republic;1367.11;1341.58;1322.04;1500.54;2836.62;387.64;392.87;343.78;514.17;700.81;14.37;15.26;10.53;20.50;28.42;0.00;0.00;0.00;0.00;0.00;0.00;0.00;0.00;0.00;0.00;0.00;0.00;0.00;0.00;0.00;8444.33;8444.33;8444.33;16199.33;16199.33;
Latvia;20341.54;9564.63;7300.02;7971.75;8517.35;260.40;150.27;135.22;147.85;153.69;9.94;4.19;3.85;122.00;4.46;0.08;29.94;190.04;876.63;1155.60;0.68;1.82;5.67;5.53;7.38;0.00;0.00;0.00;0.00;0.00;-9739.58;-9739.58;-9736.68;-1091.67;-12678.10;
Lebanon;5974.59;14467.85;15231.12;16510.69;20565.18;33.24;38.46;43.08;48.70;57.76;1.20;1.85;1.93;2.09;1.46;0.00;0.00;0.00;0.00;0.00;0.00;0.00;0.00;0.00;0.00;0.00;0.00;0.00;0.00;0.00;0.00;0.00;0.00;-49.05;-53.53;
Lesotho;142.42;198.00;231.40;241.75;281.75;54.18;56.39;54.71;57.90;60.07;1.82;1.82;1.89;1.48;1.35;0.00;0.00;0.00;0.00;0.00;0.00;0.00;0.00;0.00;0.00;0.00;0.00;0.00;0.00;0.00;-40.33;-40.33;-40.33;-36.67;-36.67;
Liberia;392.33;300.72;433.67;574.37;677.58;42.37;36.74;55.03;62.73;74.03;0.68;0.60;0.87;0.81;1.07;0.00;0.10;1.28;13.50;17.67;0.00;0.00;0.00;0.00;0.00;0.00;0.00;0.00;0.00;0.00;14994.84;14994.84;14994.84;14994.84;14994.84;
Libyan Arab Jamahiriya;36788.06;48786.18;49206.92;55897.11;65989.72;797.99;746.68;623.44;783.55;864.14;4.35;6.17;6.15;6.06;4.64;0.00;0.00;0.00;0.00;0.00;0.00;0.00;0.00;0.00;0.00;0.01;0.00;0.01;0.01;0.03;0.00;0.00;0.00;0.00;0.00;
Liechtenstein;;;;;;;;;;;;;;;;;;;;;;;;;;;;;;;-10.34;-10.34;-10.34;0.00;0.00;
Lithuania;34942.70;14807.47;11374.10;13522.61;13341.25;362.02;245.53;238.09;240.14;240.59;18.63;10.31;14.75;18.20;14.83;0.07;28.93;164.54;642.12;848.29;0.92;2.65;8.36;8.23;10.99;0.00;0.00;0.00;0.00;0.00;2163.54;2163.54;2161.93;2572.64;582.10;
Luxembourg;11656.62;8863.04;8695.70;12037.47;11143.64;46.64;59.48;48.51;50.16;58.85;1.28;1.52;1.35;1.48;1.53;0.14;9.64;51.08;99.51;133.47;0.09;0.30;1.04;1.12;1.50;0.00;0.00;0.00;0.00;0.00;-235.12;-235.12;-733.36;3.64;3.64;
Macedonia, the former Yugoslav Republic of;11171.36;8666.03;9012.31;9648.70;9136.48;79.16;69.74;70.94;67.51;65.16;2.65;2.38;2.14;41.20;1.66;0.02;9.77;51.85;119.05;158.97;0.00;0.00;0.00;0.00;0.00;0.00;0.00;0.00;0.00;0.00;16.72;-733.33;-733.30;1246.67;0.00;
Madagascar;937.75;1455.29;1730.51;2072.64;2635.04;811.71;813.79;851.89;915.00;936.96;29.31;28.24;29.68;31.30;25.93;0.00;0.47;3.06;6.80;9.10;0.00;0.00;0.00;0.00;0.00;0.00;0.00;0.00;0.00;0.00;38427.98;38427.98;37210.20;25016.03;32251.23;
Malawi;665.70;977.92;1051.41;1242.73;1541.69;192.72;184.48;186.11;196.00;216.12;9.00;7.85;6.68;8.67;9.89;0.00;0.00;0.00;0.00;0.00;0.00;0.00;0.00;0.00;0.00;0.00;0.00;0.00;0.00;0.00;6295.96;6295.96;6669.85;7016.32;6165.56;
Malaysia;55493.31;86641.37;122859.96;173041.30;203177.53;1124.76;1349.77;1395.66;1742.04;1599.94;45.10;48.78;44.59;52.40;48.42;0.06;0.09;6.87;26.11;34.60;0.59;1.11;90.14;340.92;451.93;0.02;0.03;0.02;0.03;0.04;124661.96;124661.96;122655.94;150776.72;-17793.78;
Maldives;57.52;162.05;280.89;539.34;818.23;1.18;1.38;1.63;1.98;2.44;0.02;0.04;0.04;0.06;0.09;0.00;0.00;0.00;0.00;0.00;0.00;0.00;0.00;0.00;0.00;0.00;0.00;0.00;0.00;0.00;0.00;0.00;0.00;-0.33;-0.73;
Mali;538.58;894.44;939.60;1100.17;1418.03;449.49;496.50;556.49;651.69;842.28;18.63;19.62;21.88;25.10;34.45;0.00;0.00;0.00;0.00;0.00;0.00;0.00;0.00;0.00;0.00;0.00;0.00;0.00;0.00;0.00;6537.67;6537.67;6537.67;6534.00;6534.00;
Malta;2322.54;2387.05;2135.80;2732.18;2468.34;8.73;9.96;10.96;11.63;11.20;0.24;0.25;0.22;0.24;0.20;0.01;8.86;49.97;114.17;152.53;0.00;0.00;0.00;0.00;0.00;0.00;0.00;0.00;0.00;0.00;0.00;0.00;0.00;0.00;0.00;
Marshall Islands;;;;;;0.23;0.27;0.29;0.32;0.37;0.00;0.00;0.00;0.00;0.00;0.00;0.00;0.00;0.00;0.00;0.00;0.00;0.00;0.00;0.00;0.00;0.00;0.00;0.00;0.00;;0.00;0.00;0.00;0.00;
Mauritania;485.52;1075.81;1304.22;1638.77;2187.73;168.72;171.93;225.50;255.61;283.92;4.81;4.85;6.41;7.21;7.42;0.00;0.00;0.00;0.00;0.00;0.00;0.00;0.00;0.00;0.00;0.00;0.00;0.00;0.00;0.00;1100.00;1100.00;1100.00;1100.00;513.33;
Mauritius;977.21;831.23;1494.06;2293.10;2897.71;10.01;10.51;11.74;13.01;14.56;0.52;0.58;0.71;75.10;0.54;0.00;0.59;4.38;15.53;20.57;0.00;0.00;0.00;0.00;0.00;0.00;0.00;0.00;0.00;0.00;-25.67;-25.67;-25.67;183.33;-7.33;
Mexico;289524.98;316980.98;378573.89;415018.59;450531.08;4710.48;4706.05;4917.47;5422.62;5518.73;144.28;141.11;141.92;142.00;139.14;1595.25;1427.87;3347.32;7058.87;8889.90;543.70;359.56;715.12;161.00;81.75;0.04;0.03;0.03;0.02;0.00;17233.33;17233.33;17233.33;17600.00;11000.00;
Micronesia, Federated States of;;;;;;1.01;1.29;1.33;1.36;1.42;0.02;0.03;0.03;0.04;0.04;0.00;0.00;0.00;0.00;0.00;0.00;0.00;0.00;0.00;0.00;0.00;0.00;0.00;0.00;0.00;0.00;-29.33;-29.33;-29.33;-29.33;
Moldova, Republic of;31937.21;12159.31;6772.96;8441.93;8375.07;194.55;183.96;154.93;168.52;162.62;5.66;4.74;2.58;2.95;2.06;0.00;0.60;1.90;7.98;10.51;0.00;0.00;0.00;0.00;0.00;0.00;0.00;0.00;0.00;0.00;-1234.56;-1234.56;-1234.56;-867.89;-860.56;
Monaco;;;;;;;;;;;;;;;;;;;;;;;;;;;;;;;0.00;0.00;0.00;0.00;0.00;
Mongolia;13174.04;10337.58;9046.17;9734.93;13072.35;395.29;428.04;438.95;299.59;292.12;16.62;17.53;16.32;11.30;11.22;0.00;0.00;0.00;0.00;0.00;0.00;0.00;0.00;0.00;0.00;0.00;0.00;0.00;0.00;0.00;26495.05;26495.05;27980.60;23782.80;24272.78;
Montenegro;;;;;;;;;;;;;;;;;;;;;;;;;;;;;;;;;;;-16862.58;
Morocco;24730.61;30445.66;35531.17;46300.96;51348.63;439.23;395.32;457.16;504.83;562.63;18.39;15.37;19.56;21.50;19.00;0.00;0.00;0.00;0.00;0.00;0.00;0.00;0.00;0.00;0.00;0.00;0.00;0.00;0.00;0.00;-8800.00;-8800.00;-8800.00;-9533.33;733.33;
Mozambique;1155.20;1251.92;1564.46;2667.57;3789.96;561.08;509.85;617.63;654.74;465.47;34.26;28.49;30.99;30.10;7.15;0.00;1.47;18.77;75.23;99.53;0.00;0.00;24.95;205.91;270.17;0.00;0.00;0.00;0.00;0.00;35200.00;35200.00;35200.00;35933.33;30066.67;
Myanmar;4416.60;7358.09;10012.53;11019.19;8473.74;3999.66;4278.77;3187.69;3725.29;3764.54;142.96;154.55;100.97;102.00;84.70;0.00;0.00;0.00;0.00;0.00;0.00;0.00;0.00;0.00;0.00;0.00;0.00;0.00;0.00;0.00;102534.81;102534.81;102845.22;77960.54;79317.29;
Namibia;757.70;1771.11;1828.91;2344.50;3013.34;169.21;157.61;218.17;250.06;237.98;8.22;7.50;11.30;12.40;9.62;0.00;0.00;0.00;0.00;0.00;0.00;0.00;0.00;0.00;0.00;0.00;0.00;0.00;0.00;0.00;8708.03;8708.03;9045.09;8904.81;8827.98;
Nauru;0.65;0.74;0.84;0.94;1.03;0.09;0.11;0.12;0.13;0.15;0.00;0.00;0.00;0.00;0.00;0.00;0.00;0.00;0.00;0.00;0.00;0.00;0.00;0.00;0.00;0.00;0.00;0.00;0.00;0.00;0.00;0.00;0.00;0.00;0.00;
Nepal;1068.15;2026.24;3376.57;3329.59;4811.29;965.99;988.04;1009.82;1062.71;1119.62;11.58;12.77;13.65;14.60;14.54;0.00;0.00;0.00;0.00;0.00;0.00;0.00;0.00;0.00;0.00;0.00;0.00;0.00;0.00;0.00;35788.15;35788.15;35849.72;31446.08;5723.94;
Netherlands;162035.65;175332.51;176953.53;185164.21;186963.86;1436.61;1401.99;1162.47;1019.99;966.34;57.86;57.57;51.02;48.60;29.69;2792.85;4228.10;6200.38;3119.54;3414.78;3157.97;2171.48;1027.80;406.56;203.28;0.01;0.01;0.01;0.01;0.07;2365.99;2365.99;2365.97;2770.33;955.26;
New Zealand;23590.96;26808.15;33041.58;36434.65;33689.72;1270.97;1292.52;1265.90;1310.30;1340.12;33.91;36.23;37.26;42.00;36.56;0.16;67.25;347.28;721.71;966.17;894.05;666.05;362.46;201.52;100.76;0.00;0.00;0.00;0.00;0.00;-21634.87;-21634.87;-21635.86;-14669.25;-16135.91;
Nicaragua;1956.28;2710.04;3754.25;4299.39;4811.98;229.10;220.71;265.00;287.81;303.13;9.98;9.78;10.62;11.20;11.04;0.00;0.00;0.00;0.00;0.00;0.00;0.00;0.00;0.00;0.00;0.00;0.00;0.00;0.00;0.00;28848.32;28848.32;28846.99;28869.85;28826.59;
Niger;746.76;978.76;1141.99;1388.47;1772.29;212.49;253.06;291.58;284.73;320.16;5.90;7.14;8.16;6.36;6.94;0.00;0.00;0.00;0.00;0.00;0.00;0.00;0.00;0.00;0.00;0.00;0.00;0.00;0.00;0.00;6966.67;6966.67;6966.67;1466.67;1466.67;
Nigeria;74274.92;84888.01;97557.17;98346.98;85395.61;3105.80;3639.48;3940.07;4017.50;4229.36;62.87;65.32;68.34;70.30;114.44;0.01;3.99;88.12;339.07;449.20;0.00;0.00;0.00;0.00;0.00;0.01;0.00;0.01;0.01;0.01;183700.00;183700.00;183700.00;145200.00;170133.33;
Niue;;;;;;0.04;0.04;0.04;0.04;0.05;0.00;0.00;0.00;0.00;0.00;0.00;0.00;0.00;0.00;0.00;0.00;0.00;0.00;0.00;0.00;0.00;0.00;0.00;0.00;0.00;22.19;22.19;22.19;34.21;-12.08;
Norway;37118.23;41483.62;42445.10;43886.22;46523.38;677.94;774.32;824.37;823.19;817.16;17.79;18.56;18.29;18.80;10.64;0.04;28.61;162.26;319.04;428.10;6324.65;4244.75;4714.46;4686.18;4241.61;0.09;0.03;0.04;0.01;0.03;-14247.35;-14247.35;-14248.03;-21214.93;-22684.39;
Oman;15642.44;18823.01;25044.34;34589.19;65150.81;293.70;325.44;492.01;693.10;787.01;1.25;1.63;1.85;2.15;3.63;0.02;6.32;8.57;173.63;225.94;0.00;0.00;0.00;0.00;0.00;0.00;0.00;0.00;0.00;0.00;-1.76;-1.76;-1.76;-1.66;-4.12;
Pakistan;61863.12;83549.80;105079.79;130772.20;151504.32;4324.18;4819.22;5577.38;6603.54;7392.01;59.50;76.53;89.52;99.00;96.94;0.00;0.00;0.00;0.00;0.00;0.00;0.00;0.00;0.00;0.00;0.04;0.01;0.01;0.03;0.05;21633.33;21633.33;21633.33;20533.33;22000.00;
Palau;9.68;13.79;31.23;26.68;32.08;0.05;0.06;0.06;0.06;0.06;0.00;0.00;0.00;0.00;0.00;0.00;0.00;0.00;0.00;0.00;0.00;0.00;0.00;0.00;0.00;0.00;0.00;0.00;0.00;0.00;;-143.00;-143.00;-139.33;0.00;
Panama;2712.59;4380.21;5194.84;7157.50;9071.57;131.87;139.85;132.83;153.57;157.69;3.30;3.50;3.38;3.89;4.45;0.00;0.00;0.00;0.00;0.00;0.00;0.00;0.00;0.00;0.00;0.00;0.00;0.00;0.00;0.00;8915.42;8915.42;8913.33;9274.81;8541.48;
Papua New Guinea;2534.33;2401.89;2978.93;5092.97;6106.39;115.45;100.71;95.28;91.13;100.04;6.22;5.80;5.20;4.44;3.90;0.01;8.64;0.55;55.62;71.49;0.00;0.00;0.00;0.00;0.00;0.00;0.00;0.00;0.00;0.00;57110.27;57110.27;51085.42;49747.25;55424.63;
Paraguay;2217.96;3885.78;3695.82;3868.89;5130.51;738.14;783.91;723.06;752.31;780.24;28.93;28.43;25.25;29.10;29.61;0.00;0.00;0.00;0.00;0.00;0.00;0.00;0.00;0.00;0.00;0.00;0.00;0.00;0.00;0.00;70659.36;70659.36;70659.36;72646.31;127874.83;
Peru;20752.59;25867.78;28983.86;31694.62;44964.79;646.45;693.02;778.69;794.11;902.03;18.09;20.52;24.80;58.20;26.81;0.04;20.83;103.09;327.63;434.13;0.00;0.00;0.00;0.00;0.00;0.00;0.00;0.00;0.00;0.00;44820.70;44820.70;44818.66;45696.57;70446.96;
Philippines;42048.45;63454.67;74985.14;81008.34;85534.32;1978.46;2133.15;2376.72;2532.05;2668.99;31.88;35.01;39.89;40.80;40.36;0.00;0.00;0.00;0.00;0.00;0.00;0.00;0.00;0.00;0.00;0.01;0.01;0.01;0.02;0.24;-2640.00;-2640.00;-2640.00;11293.33;29480.00;
Poland;357726.74;351917.04;309302.68;306714.09;322663.78;5124.33;4049.20;3466.35;3361.92;3117.86;94.36;95.04;95.98;101.00;86.57;0.08;101.13;667.21;1736.73;2314.33;427.82;532.88;519.30;592.72;640.84;0.00;0.01;0.01;0.01;0.61;-13713.81;-13713.81;-13708.75;-24360.57;-107181.50;
Portugal;42860.58;52684.57;64146.13;67297.27;52759.53;469.85;503.37;585.22;649.82;601.42;15.96;16.71;18.99;19.70;13.89;0.15;57.65;352.73;647.71;871.49;6.94;8.89;32.90;33.68;44.11;0.00;0.01;0.01;0.00;0.12;1545.10;1545.10;1537.94;5749.24;0.91;
Qatar;16572.29;20504.00;30880.12;41696.15;71005.87;209.50;239.72;631.34;895.23;1919.89;4.32;5.10;9.02;4.91;1.07;0.00;0.00;0.00;0.00;0.00;0.00;0.00;0.00;0.00;0.00;0.00;0.00;0.00;0.00;0.00;0.00;0.00;0.00;0.00;0.00;
Romania;185273.73;129466.44;95670.38;103486.14;82575.10;1781.23;1352.86;1197.11;1237.00;1243.62;71.38;55.28;44.63;42.10;28.41;0.04;32.44;118.20;418.79;552.99;2010.82;1343.48;676.01;324.98;162.49;0.00;0.00;0.00;0.00;0.00;1564.87;1564.87;1482.67;87.66;-4062.78;
Russian Federation;2378912.89;1735009.56;1664711.40;1720002.87;1720282.47;29756.30;23125.90;22189.10;23546.80;25407.00;518.44;289.76;328.48;280.00;205.58;5035.59;8353.80;16788.70;24231.30;30833.50;16105.80;22777.60;25105.70;26830.90;30281.24;0.20;0.39;0.38;0.39;0.39;213476.80;213476.80;201837.96;22606.59;-143021.74;
Rwanda;615.20;646.36;827.57;947.31;1169.29;70.69;73.93;96.00;120.01;137.33;2.31;1.86;2.58;3.30;5.39;0.00;0.28;1.68;47.50;61.89;0.00;0.00;0.00;0.00;0.00;0.00;0.00;0.00;0.00;0.00;9535.31;9535.31;9374.99;-9309.23;-455.10;
Saint Kitts and Nevis;89.21;107.64;146.07;140.79;164.02;1.23;1.37;1.55;1.62;1.40;0.02;0.05;0.05;0.05;0.05;0.00;0.07;0.82;3.28;4.34;0.00;0.00;0.00;0.00;0.00;0.00;0.00;0.00;0.00;0.00;-31.01;-31.01;-31.01;-20.65;104.88;
Saint Lucia;240.61;265.78;389.22;435.99;510.91;1.76;1.82;1.88;1.96;2.04;0.10;0.21;0.12;0.10;0.11;0.00;0.00;0.00;0.00;0.00;0.00;0.00;0.00;0.00;0.00;0.00;0.00;0.00;0.00;0.00;-39.51;-39.51;-39.51;-17.29;218.92;
Saint Vincent and the Grenadines;139.01;176.67;241.10;256.82;295.35;1.42;1.54;1.65;1.69;1.86;0.06;0.06;0.07;0.06;0.06;0.00;0.02;0.69;1.88;2.51;0.00;0.00;0.00;0.00;0.00;0.00;0.00;0.00;0.00;0.00;-107.05;-107.05;-107.05;-48.81;182.40;
Samoa;96.80;97.65;129.87;114.81;115.61;5.45;5.35;5.51;6.03;6.20;0.11;0.11;0.12;0.13;0.13;0.00;0.00;0.00;0.00;0.00;0.00;0.00;0.00;0.00;0.00;0.00;0.00;0.00;0.00;0.00;-2058.61;-2058.61;-2058.61;-109.76;-541.22;
San Marino;;;;;;;;;;;;;;;;;;;;;;;;;;;;;;;0.00;0.00;0.00;0.00;0.00;
Sao Tome and Principe;31.38;24.84;36.73;42.22;52.95;1.37;1.57;1.76;1.96;2.16;0.02;0.02;0.03;0.03;0.03;0.00;0.00;0.00;0.00;0.00;0.00;0.00;0.00;0.00;0.00;0.00;0.00;0.00;0.00;0.00;0.00;0.00;0.00;0.00;293.33;
Saudi Arabia;168153.75;215412.34;260258.10;306034.49;421544.20;1464.89;1876.77;2061.62;2551.15;2871.91;20.66;22.47;25.68;27.30;20.16;0.05;17.10;75.49;196.86;261.74;0.00;0.00;0.00;0.00;0.00;0.10;0.05;0.05;0.08;0.00;0.00;0.00;0.00;0.00;0.00;
Senegal;2371.14;2760.93;4071.90;5779.08;6946.73;267.99;294.51;337.03;364.84;463.48;9.57;10.16;12.34;13.20;20.75;0.00;0.00;0.00;0.00;0.00;0.00;0.00;0.00;0.00;0.00;0.00;0.00;0.00;0.00;0.00;6966.67;6966.67;6966.67;6600.00;5866.67;
Serbia;;;;;;;;;;;;;;;;;;;;;;;;;;;;;;;;;;;-64823.52;
Serbia and Montenegro;65793.38;46577.90;50560.90;60675.10;58090.82;568.54;459.77;411.94;360.14;313.61;18.27;14.25;13.82;14.30;24.02;0.52;203.22;1661.98;4293.77;5727.62;761.91;158.85;306.08;128.97;114.03;0.00;0.00;0.00;0.00;0.00;-4836.07;-5869.86;-5868.26;-6168.28;;
Seychelles;208.95;129.21;202.66;339.77;484.48;0.85;0.91;0.94;1.02;1.13;0.04;0.04;0.05;0.07;0.07;0.00;0.00;0.00;0.00;0.00;0.00;0.00;0.00;0.00;0.00;0.00;0.00;0.00;0.00;0.00;0.00;0.00;0.00;0.00;0.00;
Sierra Leone;694.36;595.26;719.32;882.08;1122.49;138.54;126.85;112.22;117.74;156.49;3.84;3.62;2.50;2.23;5.08;0.00;0.07;0.06;4.74;6.16;0.00;0.00;0.00;0.00;0.00;0.00;0.00;0.00;0.00;0.00;5694.33;5694.33;5694.33;5698.00;5690.67;
Singapore;30242.27;43372.71;48676.59;40309.95;45426.56;46.70;73.81;80.21;108.31;113.96;2.91;6.32;21.40;5.87;6.04;12.64;131.97;728.88;1429.69;1914.50;124.21;234.52;420.94;765.55;976.59;0.02;0.01;0.01;0.01;0.02;-17.73;-17.73;-17.73;43.49;65.15;
Slovakia;60227.11;45562.40;42036.91;42631.99;40663.99;307.20;211.68;211.13;193.50;189.75;16.88;13.07;10.88;11.90;10.90;0.02;18.95;109.34;319.73;424.68;86.57;21.38;76.31;76.98;79.59;0.00;0.00;0.00;0.00;0.00;-10115.91;-9893.10;-9893.02;-9196.95;-6410.28;
Slovenia;15610.92;15681.38;15861.03;17791.97;17246.68;144.47;126.48;136.72;141.91;138.15;4.09;3.15;3.63;3.60;3.77;0.03;26.41;144.14;356.42;475.11;767.44;307.03;177.23;110.33;11.98;0.00;0.00;0.00;0.00;0.00;-10345.08;-6831.39;-6831.39;-10351.39;-7858.05;
Solomon Islands;114.58;117.91;145.53;158.88;233.04;97.42;66.97;66.38;68.75;67.65;11.83;7.45;7.82;8.36;8.40;0.00;0.00;0.00;0.00;0.00;0.00;0.00;0.00;0.00;0.00;0.00;0.00;0.00;0.00;0.00;1686.67;1686.67;1686.67;1686.67;1613.33;
Somalia;664.88;727.73;824.56;931.23;1110.08;622.02;650.36;713.30;748.93;756.58;12.93;14.61;15.37;15.70;15.57;0.00;0.02;0.54;1.16;1.56;0.00;0.00;0.00;0.00;0.00;0.00;0.00;0.00;0.00;0.00;15766.67;15766.67;15766.67;17600.00;15400.00;
South Africa;268172.27;285326.54;306827.88;371582.73;405629.78;2541.42;2631.16;2831.68;3113.78;3110.06;73.82;81.08;77.54;83.50;70.55;0.15;46.67;254.64;524.53;702.64;437.04;195.37;458.81;499.85;545.03;0.04;0.04;0.04;0.06;0.04;974.48;974.48;926.13;1174.13;1149.66;
Spain;226845.57;251490.54;306335.22;362953.85;282907.30;1562.33;1555.70;1672.08;1729.28;1772.87;84.47;85.48;93.01;89.10;72.74;1950.34;2628.08;3296.76;6300.27;7672.12;3827.28;3419.34;2394.18;2121.39;1507.11;0.02;0.03;0.10;0.03;0.01;-46739.29;-46739.29;-46676.23;-46720.34;-33134.92;
Sri Lanka;4224.44;6213.07;11450.80;14500.76;14866.28;548.29;552.67;457.43;490.10;561.90;5.68;6.30;6.60;6.76;6.88;0.00;0.00;0.00;0.00;0.00;0.00;0.00;0.00;0.00;0.00;0.00;0.00;0.00;0.00;0.00;5159.59;5159.59;5161.07;6398.37;3847.89;
Sudan;5519.75;4568.13;6040.91;10451.91;16231.11;2244.82;2625.43;3066.97;3364.80;4506.60;116.08;123.55;141.30;157.00;268.69;0.00;0.00;0.00;0.00;0.00;0.00;0.00;0.00;0.00;0.00;0.00;0.00;0.00;0.00;0.00;159178.06;159178.06;166007.47;243707.90;160463.80;
Suriname;1650.05;1557.16;1705.61;1822.20;1987.80;46.98;43.96;29.43;31.92;33.12;1.46;1.33;1.10;1.06;0.86;0.00;0.00;0.00;0.00;0.00;284.33;255.26;0.00;0.00;0.00;0.00;0.00;0.00;0.00;0.00;4343.00;4343.00;3942.35;4071.43;3846.64;
Swaziland;250.46;171.98;374.07;463.23;582.51;54.01;54.75;56.81;56.95;64.29;1.75;1.53;1.57;1.54;1.80;0.00;0.00;0.00;0.00;0.00;0.00;0.00;0.00;0.00;0.00;0.00;0.00;0.00;0.00;0.00;147.72;147.72;136.18;202.49;186.33;
Sweden;56693.23;61772.55;57269.32;54344.80;51739.17;548.62;551.72;546.07;548.06;515.19;22.59;22.04;22.21;19.80;18.15;0.17;101.92;568.84;1131.88;1518.08;728.72;686.68;734.42;736.12;743.12;0.01;0.01;0.01;0.01;0.02;-19898.19;-19898.19;-19911.30;-51116.15;-4182.82;
Switzerland;45541.95;44960.04;45065.66;47363.86;46504.54;281.29;267.30;244.12;235.91;238.08;9.29;9.01;8.22;7.83;7.88;0.29;158.84;848.20;1613.84;2166.84;331.42;60.43;100.67;65.23;67.63;0.02;0.02;0.01;0.01;0.03;-1918.96;-1918.96;-1918.96;-1552.30;-3385.63;
Syrian Arab Republic;32773.87;40218.29;46315.30;58663.42;61535.01;399.19;505.38;600.26;566.48;596.77;13.64;14.87;15.51;18.30;18.98;0.00;0.00;0.00;0.00;0.00;0.00;0.00;0.00;0.00;0.00;0.00;0.00;0.00;0.00;0.00;-1534.12;-1534.12;-1534.12;-1550.88;-2244.80;
Tajikistan;12171.67;3005.04;2733.78;3196.24;3650.15;204.72;171.23;157.32;185.00;235.37;4.85;4.43;3.58;4.66;5.54;0.00;0.68;2.47;11.90;15.64;2806.11;1833.16;795.53;371.11;185.56;0.00;0.00;0.00;0.00;0.00;91.67;91.67;91.67;0.00;0.00;
Tanzania_United Republic of;2067.26;2906.39;2986.41;5636.61;6446.98;1280.52;1312.87;1386.84;1600.47;1306.90;68.20;64.12;59.94;69.20;41.77;0.00;0.00;0.00;0.00;0.00;0.00;0.00;0.00;0.00;0.00;0.00;0.00;0.00;0.00;0.00;222443.04;222443.04;210584.70;238203.32;219681.28;
Thailand;92750.47;161094.56;170911.34;225699.49;246982.28;4046.81;4068.56;3979.23;4264.24;4988.04;59.37;66.26;60.25;67.00;97.51;0.00;0.00;0.00;0.00;0.00;0.00;0.00;0.00;0.00;0.00;0.06;0.04;0.02;0.05;0.02;11075.79;11075.79;11064.88;4077.17;-1036.67;
Timor-Leste;63.05;80.01;299.52;249.42;288.14;16.21;28.69;21.43;32.22;34.18;0.36;0.54;0.53;0.67;0.71;0.00;0.00;0.00;0.00;0.00;0.00;0.00;0.00;0.00;0.00;0.00;0.00;0.00;0.00;0.00;3573.45;3573.45;3573.45;6743.56;7428.56;
Togo;756.28;739.04;1255.01;1313.66;1785.99;147.12;146.73;163.79;177.71;249.42;7.03;6.05;5.83;5.61;9.64;0.00;0.00;0.00;0.00;0.00;0.00;0.00;0.00;0.00;0.00;0.00;0.00;0.00;0.00;0.00;6655.47;6655.47;6655.47;6569.79;6455.76;
Tonga;62.81;86.39;188.64;161.78;192.29;2.69;2.62;2.76;2.81;2.87;0.06;0.07;0.07;0.07;0.07;0.00;0.00;0.00;0.00;0.00;0.00;0.00;0.00;0.00;0.00;0.00;0.00;0.00;0.00;0.00;0.00;0.00;0.00;0.00;-506.00;
Trinidad and Tobago;11880.67;12606.38;20563.52;31836.41;38440.76;144.65;147.39;264.56;528.30;690.41;1.87;3.59;3.61;2.20;0.89;0.00;0.00;0.00;0.00;0.00;0.00;0.00;0.00;0.00;0.00;0.00;0.00;0.00;0.00;0.00;289.67;289.67;289.67;95.33;330.00;
Tunisia;14672.26;17237.51;21068.44;23337.14;25738.27;193.29;242.19;327.78;345.16;357.01;7.50;7.77;9.18;9.16;9.37;0.00;0.00;0.00;0.00;0.00;0.00;0.00;0.00;0.00;0.00;0.00;0.00;0.00;0.00;0.00;-660.00;-660.00;-660.00;-440.00;-513.33;
Turkey;149390.61;176431.41;227111.57;245962.38;308042.74;2088.19;2314.28;2679.11;3064.52;3681.28;92.19;106.11;107.36;110.00;112.62;0.05;18.39;994.37;2893.24;3858.80;545.64;559.37;554.93;545.94;545.59;0.08;0.07;0.04;0.07;0.14;-21474.71;-21474.71;-21474.73;-29904.62;-54932.68;
Turkmenistan;45642.97;34661.96;39336.99;52953.00;61501.81;1422.12;789.26;1011.48;1406.84;1264.09;7.37;8.01;9.83;14.50;15.98;0.00;1.93;10.94;72.92;95.70;0.00;0.00;0.00;0.00;0.00;0.00;0.00;0.00;0.00;0.00;0.00;0.00;0.00;-293.33;0.00;
Tuvalu;0.49;0.51;0.53;0.54;0.55;0.13;0.15;0.15;0.16;0.16;0.00;0.00;0.00;0.00;0.00;0.00;0.00;0.00;0.00;0.00;0.00;0.00;0.00;0.00;0.00;0.00;0.00;0.00;0.00;0.00;-1.18;-1.18;-1.18;-0.64;-3.17;
Uganda;1516.60;2432.22;2719.35;3231.69;4123.12;583.15;617.17;647.92;801.91;987.90;25.80;25.55;24.41;33.80;47.22;0.00;0.00;0.00;0.00;0.00;0.00;0.00;0.00;0.00;0.00;0.00;0.00;0.00;0.00;0.00;19809.68;19809.68;20018.81;19992.20;24744.44;
Ukraine;782437.79;458186.20;354868.93;347919.72;305045.47;5824.81;4939.85;4061.44;3378.06;3256.55;172.49;120.70;115.29;121.00;66.70;0.06;16.38;54.70;227.22;299.19;257.12;291.11;303.47;240.30;236.48;0.00;0.00;0.01;0.01;0.02;-46355.49;-46355.49;-46881.69;-23298.06;-21258.76;
United Arab Emirates;56430.32;76948.88;93467.87;118888.10;170969.86;647.90;809.96;968.23;1084.26;1219.40;3.40;4.61;4.86;5.90;7.63;0.00;0.00;0.00;0.00;0.00;387.32;166.95;217.96;267.86;237.12;0.02;0.02;0.03;0.03;0.00;-1191.67;-1191.67;-1191.67;-51.33;-212.67;
United Kingdom;580024.42;547855.06;549030.64;555771.27;494553.95;5595.07;4954.39;4112.16;3085.96;2913.53;183.05;164.56;114.32;99.90;85.60;2617.79;5074.66;6332.45;9043.44;11096.91;1586.05;1101.13;1021.32;685.92;407.90;0.04;0.08;0.05;0.02;0.15;-12293.17;-12293.17;-12311.24;-12305.40;-10931.64;
United States;4988940.63;5276382.43;5859273.05;5873205.14;5506095.36;30363.60;28785.90;26505.20;25637.90;25053.10;1070.49;1144.66;1094.67;1090.00;980.91;29185.80;42958.40;112665.00;186290.00;240391.92;21942.10;17283.30;16326.00;10305.90;6719.31;1.76;2.10;1.92;1.76;1.17;-336120.59;-336060.09;-349479.17;-358585.83;-373027.06;
Uruguay;3885.31;4708.11;5446.59;5492.09;6630.42;750.10;880.61;865.86;940.54;912.63;19.53;21.79;20.44;22.70;25.63;0.00;2.43;29.25;58.66;78.94;0.00;0.00;0.00;0.00;0.00;0.00;0.00;0.00;0.00;0.00;-25543.62;-25543.62;-25543.58;-13846.18;-19326.34;
Uzbekistan;121848.05;100848.78;120212.07;115311.71;106637.91;1568.84;1656.37;1773.02;2022.27;2231.51;36.08;26.43;32.88;35.40;38.60;0.05;33.94;191.96;603.24;800.00;0.00;0.00;0.00;0.00;0.00;0.00;0.00;0.00;0.00;0.00;-2273.33;-2273.33;-2273.33;-2566.67;-1320.00;
Vanuatu;64.65;44.92;63.19;67.26;92.24;10.19;12.07;12.73;12.28;11.87;0.31;0.36;0.38;0.36;0.34;0.00;0.00;0.00;0.00;0.00;0.00;0.00;0.00;0.00;0.00;0.00;0.00;0.00;0.00;0.00;-25.40;-25.40;-25.40;-15.92;-25.65;
Venezuela;110686.12;129975.21;141973.16;162273.26;197572.52;2101.05;2347.94;2758.73;2757.43;2717.03;40.46;38.83;44.13;50.50;51.03;989.60;1023.65;468.55;738.43;607.57;1953.34;1061.16;475.71;297.23;297.23;0.01;0.00;0.01;0.01;0.03;110917.59;110917.59;110351.11;114699.53;5219.79;
Viet Nam;20357.88;33950.66;55752.52;98968.42;154354.48;2879.71;3146.47;3591.89;4492.61;5301.78;37.46;49.76;63.70;75.20;109.09;0.00;0.00;0.00;0.00;0.00;0.00;0.00;0.00;0.00;0.00;0.00;0.00;0.00;0.00;0.00;-45422.62;-45422.62;-45508.38;-18034.32;-6947.36;
Yemen;6872.20;10898.61;15476.55;21742.16;26432.37;186.29;234.94;292.28;370.85;417.36;6.68;6.96;8.79;10.50;11.61;0.00;0.00;0.00;0.00;0.00;0.00;0.00;0.00;0.00;0.00;0.00;0.00;0.00;0.00;0.00;0.00;0.00;0.00;0.00;0.00;
Zambia;2939.39;2306.51;1932.77;2343.57;2340.99;1386.63;1147.17;861.89;1009.12;305.85;112.97;94.82;69.89;79.70;26.55;0.00;0.02;0.07;0.36;0.47;0.00;0.00;0.00;0.00;0.00;0.00;0.00;0.00;0.00;0.00;277675.86;277675.86;285793.40;336621.38;275067.07;
Zimbabwe;17128.24;16056.67;14044.97;11399.85;9541.74;488.39;391.42;460.55;459.90;400.98;22.27;16.88;18.41;18.80;13.51;0.00;0.00;0.00;0.00;0.00;0.00;0.00;0.00;0.00;0.00;0.00;0.00;0.00;0.00;0.00;37752.00;37752.00;37752.00;37737.33;37627.33;
