Pays;1990;1991;1992;1993;1994;1995;1996;1997;1998;1999;2000;2001;2002;2003;2004;2005;2006;2007;2008;2009;2010;2011;2012;2013;2014;2015;2016
Afghanistan;;;;;;;;;;;;;23378628009;25352757518;25620370017;28483515604;30065529260;34196594612;35431559621;42879503311;46495656382;49338254431;56460103814;57566226633;58321801150;58970664734;60287050237
Albania;14978051140;10546195932;9786869827;10726409334;11616701307;13161722580;14359439336;12803184016;13956603984;15840909286;16896962591;18238637422;19010381840;20107944441;21256018909;22472037478;23692496697;25090354002;26979657655;27883476189;28917953154;29655360961;30076467086;30410315869;30957701554;31759506025;32858384932
Algeria;2.65E+11;2.62E+11;2.67E+11;2.61E+11;2.59E+11;2.69E+11;2.80E+11;2.83E+11;2.97E+11;3.07E+11;3.18E+11;3.28E+11;3.46E+11;3.71E+11;3.87E+11;4.10E+11;4.17E+11;4.31E+11;4.41E+11;4.49E+11;4.65E+11;4.78E+11;4.94E+11;5.08E+11;5.27E+11;5.47E+11;5.67E+11
Andorra;;;;;;;;;;;;;;;;;;;;;;;;;;;
Angola;53485330049;52843506094;49197304173;37045570049;38342164996;42329750163;47070682167;50789266063;54245354800;56002795626;57689642488;60124702191;55951770351;58887836446;65294584236;77218322301;93229637862;1.14E+11;1.30E+11;1.33E+11;1.38E+11;1.43E+11;1.51E+11;1.61E+11;1.69E+11;1.74E+11;1.74E+11
Antigua and Barbuda;1092513229;1116295856;1129226204;1188850155;1268220112;1212932132;1293044093;1363788241;1428313341;1481273695;1571403792;1489751037;1505955352;1597977348;1690842700;1797150779;2027275231;2215601284;2216657603;1949870557;1812566041;1780605553;1848935753;1845236187;1930168594;2009826596;2097770150
Argentina;3.54E+11;3.99E+11;4.46E+11;4.73E+11;5.00E+11;4.86E+11;5.13E+11;5.55E+11;5.76E+11;5.57E+11;5.52E+11;5.28E+11;4.70E+11;5.12E+11;5.58E+11;6.07E+11;6.56E+11;7.15E+11;7.45E+11;7.00E+11;7.71E+11;8.18E+11;8.09E+11;8.29E+11;8.08E+11;8.29E+11;8.10E+11
Armenia;13241360920;11692121893;6804814620;6205991016;6541114704;6992451514;7402586818;7648432626;8206768207;8477591558;8977769460;9835742702;11132713294;12695834752;14024814657;15969454960;18077104187;20562561750;21981378511;18871015949;19286178300;20192628680;21646497945;22360832378;23165822344;23860797013;23908518607
Australia;4.88E+11;4.86E+11;4.88E+11;5.08E+11;5.28E+11;5.49E+11;5.71E+11;5.93E+11;6.20E+11;6.51E+11;6.76E+11;6.89E+11;7.15E+11;7.37E+11;7.68E+11;7.92E+11;8.16E+11;8.47E+11;8.78E+11;8.94E+11;9.12E+11;9.33E+11;9.67E+11;9.92E+11;1.02E+12;1.04E+12;1.07E+12
Austria;2.40E+11;2.48E+11;2.54E+11;2.55E+11;2.61E+11;2.68E+11;2.74E+11;2.80E+11;2.90E+11;3.01E+11;3.11E+11;3.15E+11;3.20E+11;3.23E+11;3.32E+11;3.39E+11;3.50E+11;3.63E+11;3.68E+11;3.54E+11;3.61E+11;3.71E+11;3.74E+11;3.74E+11;3.77E+11;3.81E+11;3.86E+11
Azerbaijan;60946791250;60520163735;46842606492;36021964604;28925637570;25512412077;25844073485;27343029882;30077332946;32303055759;35888694708;39441675484;43622492770;48508212064;53456049887;67568447490;90879561543;1.14E+11;1.26E+11;1.38E+11;1.44E+11;1.45E+11;1.48E+11;1.56E+11;1.59E+11;1.61E+11;1.56E+11
Bahamas;6224182973;5963901046;5735747078;5753402105;5934571915;6194432066;6456055805;6589195137;6899972801;7392915823;7699666117;7901830639;8115545882;8012904952;8083649626;8358113189;8568475518;8692420420;8490393586;8135417039;8261272360;8311829626;8567843014;8568918701;8523739868;8382824935;8404338665
Bahrain;17644257487;19625707388;20938666891;23633474717;23574390679;24500862240;25507849176;26296806897;27556424680;28741350655;30264640743;31018543103;32139599248;34075673021;36454477689;38922059305;41439759050;44876127789;47678699564;48889630050;51008705640;52020628205;53962168892;56885031775;59359440967;61058289068;
Bangladesh;1.37E+11;1.42E+11;1.49E+11;1.56E+11;1.62E+11;1.71E+11;1.78E+11;1.86E+11;1.96E+11;2.05E+11;2.16E+11;2.27E+11;2.36E+11;2.47E+11;2.60E+11;2.77E+11;2.95E+11;3.16E+11;3.35E+11;3.52E+11;3.72E+11;3.96E+11;4.21E+11;4.47E+11;4.74E+11;5.05E+11;5.41E+11
Barbados;3462563894;3327523613;3137854209;3162957063;3226216208;3291490997;3422040574;3584250379;3718317759;3730434636;3896553111;3804308499;3834405258;3917659929;3972772176;4130291576;4364420908;4441421707;4459010722;4278821036;4290156179;4322598139;4335496750;4332369814;4335105883;4374192583;4442594308
Belarus;85117948717;84096533332;76023266132;70245497906;62026774651;55575990088;57132117809;63645179240;68991374296;71337081022;75474631722;79041039028;83028870737;88876754079;99052913943;1.08E+11;1.19E+11;1.29E+11;1.43E+11;1.43E+11;1.54E+11;1.63E+11;1.65E+11;1.67E+11;1.70E+11;1.64E+11;1.59E+11
Belgium;3.06E+11;3.12E+11;3.16E+11;3.13E+11;3.23E+11;3.31E+11;3.36E+11;3.49E+11;3.56E+11;3.69E+11;3.82E+11;3.85E+11;3.92E+11;3.95E+11;4.09E+11;4.18E+11;4.28E+11;4.43E+11;4.46E+11;4.36E+11;4.48E+11;4.56E+11;4.56E+11;4.56E+11;4.64E+11;4.70E+11;4.76E+11
Belize;968677627.2;1070360129;1199186083;1274453762;1276466618;1284686725;1303041336;1349236482;1399710833;1522610643;1721140223;1807466817;1899983080;2077185721;2173784579;2229840876;2332024679;2357777479;2433898206;2451254767;2532745315;2586033030;2684942297;2720224565;2831237855;2896339797;2873783549
Benin;7281933690;7589653602;7814133608;8270179892;8437270644;8947320415;9334227963;9869516849;10260449609;10808506330;11441883948;12051783372;12611524838;13045871410;13623755116;13856936261;14403871440;15266161439;16013194855;16384577181;16731414124;17227124155;18055797651;19354568603;20585039357;21016184357;21852899134
Bhutan;1249305960;1244210339;1301455106;1327306776;1393028419;1491572883;1574581493;1659196960;1757322379;1897626506;2029189412;2195659523;2431206377;2617542155;2771883125;2969312154;3172691209;3741422281;3919826548;4180778174;4671219173;5039821055;5295426154;5408880477;5719645280;6090928652;6466521118
Bolivia;25417776632;26756409462;27196953754;28358071901;29681618624;31070206991;32425284448;34031700725;35743275683;35895858517;36796058737;37415630452;38345620544;39385300629;41028965643;42843033922;44898218039;46947500637;49834113568;51507045388;53632598252;56423688392;59313864686;63344841873;66803831147;70048618747;73035435394
Bosnia and Herzegovina;;;;;5812438951;7021426285;13267523143;17830167911;20611673457;22590394066;23832865838;24881511818;26200232011;27248241308;28910383966;31442421984;33133545363;35031685633;36951950237;35891473136;36166851984;36495336684;36154766731;37020381256;37420895754;38549480540;39315716632
Botswana;11175473237;12009019277;12359330813;12596148833;13053126535;13970814882;14785285459;15972033645;16087350634;17642553549;17993233855;18038320196;19133161609;20018241535;20559899466;21496741232;23294700953;25222748319;26798019275;24747351712;26866623780;28491602187;29761235623;33137178835;34512124134;33925440081;34909277844
Brazil;1.54E+12;1.57E+12;1.56E+12;1.63E+12;1.72E+12;1.80E+12;1.84E+12;1.90E+12;1.91E+12;1.91E+12;1.99E+12;2.02E+12;2.08E+12;2.11E+12;2.23E+12;2.30E+12;2.39E+12;2.54E+12;2.66E+12;2.66E+12;2.86E+12;2.97E+12;3.03E+12;3.12E+12;3.14E+12;3.02E+12;2.91E+12
Brunei Darussalam;21911944834;22601281770;23676782035;23748895091;24495892218;25592991541;26329639158;25942284992;25797395034;26584772069;27342284375;28092567737;29180339200;30027723259;30179158548;30296104963;31628442732;31677334552;31062884657;30514769017;31307837411;32480415591;32776910360;32080063898;31326263640;31148701801;30380725976
Bulgaria;81052972580;74207761114;68811084869;67792532987;69025008857;70999254872;72135242924;71341755315;73838716632;69696364646;73188814237;76297893551;80889594070;84996781204;90568801758;97122535035;1.04E+11;1.12E+11;1.18E+11;1.13E+11;1.13E+11;1.15E+11;1.15E+11;1.16E+11;1.18E+11;1.22E+11;1.26E+11
Burkina Faso;7235850446;7892140957;7910506819;8184319910;8291944312;8765942850;9731489002;10346211080;11102283178;11924316094;12141367491;12944324635;13507791646;14561728970;15213872267;16531676827;17565428799;18558754697;19912522715;20502334500;22234028342;23684080409;25212337086;25921979429;27007059165;28086807428;29733169029
Burundi;5889202771;6183476602;6245929615;5856183607;5631891775;5185845946;4770978271;4695119716;4918137902;4868464710;4826748585;4925977226;5145011760;5082050812;5327699756;5375649054;5665109338;5936231951;6235899991;6452187532;6696461064;6977151646;7257588874;7591006442;7944817041;7634578343;7589746511
Cabo Verde;566468507.9;574422557.7;637250870.7;692744660.8;825631387.8;942967117.4;1049961115;1166700265;1312739470;1460063606;1668631777;1705869873;1795443245;1870425611;2061154268;2203630691;2379563066;2740559155;2922820603;2885688331;2928015322;3044224922;3077160949;3101864322;3120823310;3154092726;3277694564
Cambodia;;;;10118108202;11038801867;11750021141;12385972162;13082038149;13737321724;15373403487;16721262254;18083775263;19273495897;20912879329;23075381634;26132889756;28947685177;31903988922;34038869058;34068379722;36099903974;38652011936;41478767114;44559768497;47710823823;51067798981;54582580284
Cameroon;33414647780;32142017714;31145614133;28675123285;29266806488;30475048824;31971964798;33671005671;35319322455;36754091816;38288053621;40016480155;41620758680;43298488681;44901335539;45932653147;47413523255;48957148497;50369095294;51342150959;53020345598;55215701705;57749405978;60961247834;64574399632;68302439597;71393874984
Canada;8.70E+11;8.51E+11;8.59E+11;8.82E+11;9.21E+11;9.46E+11;9.61E+11;1.00E+12;1.04E+12;1.10E+12;1.15E+12;1.17E+12;1.21E+12;1.23E+12;1.27E+12;1.31E+12;1.34E+12;1.37E+12;1.38E+12;1.34E+12;1.38E+12;1.43E+12;1.45E+12;1.49E+12;1.53E+12;1.54E+12;1.56E+12
Central African Republic;2740634996;2725491809;2550404084;2558954969;2684342467;2877616348;2762509019;2908920229;3045643622;3155286028;3076737314;3214105606;3330345091;3150590207;3339464442;3369793809;3530569551;3693241774;3769105796;3833528831;3950322452;4080711502;4248542917;2689329687;2717299201;2847726468;2976765097
Chad;6614722472;7179298108;7753745579;6535644784;7198155752;7287164498;7448536790;7869631798;8416695541;8359222117;8285687626;9251644247;10037220772;11514866991;15387244430;18054243761;18171282566;18765755998;19338616642;20154260616;22885183257;22904148163;24938626547;26360128600;28178973531;28686194920;26678161275
Chile;1.19E+11;1.28E+11;1.43E+11;1.52E+11;1.60E+11;1.74E+11;1.86E+11;2.00E+11;2.08E+11;2.07E+11;2.18E+11;2.26E+11;2.33E+11;2.42E+11;2.60E+11;2.75E+11;2.92E+11;3.06E+11;3.17E+11;3.12E+11;3.30E+11;3.51E+11;3.69E+11;3.84E+11;3.91E+11;4.00E+11;4.07E+11
China;1.73E+12;1.89E+12;2.16E+12;2.46E+12;2.78E+12;3.09E+12;3.40E+12;3.71E+12;4.00E+12;4.31E+12;4.67E+12;5.06E+12;5.52E+12;6.08E+12;6.69E+12;7.46E+12;8.41E+12;9.60E+12;1.05E+13;1.15E+13;1.27E+13;1.40E+13;1.51E+13;1.62E+13;1.74E+13;1.86E+13;1.99E+13
China_Taiwan;;;;;;;;;;;;;;;;;;;;;;;;;;;
Colombia;2.58E+11;2.64E+11;2.77E+11;2.84E+11;3.00E+11;3.16E+11;3.23E+11;3.34E+11;3.36E+11;3.21E+11;3.36E+11;3.41E+11;3.50E+11;3.64E+11;3.83E+11;4.01E+11;4.28E+11;4.57E+11;4.74E+11;4.81E+11;5.01E+11;5.34E+11;5.55E+11;5.82E+11;6.08E+11;6.26E+11;6.39E+11
Comoros;658530458.3;622998796.1;676146346.4;696470882.8;659720328.9;683537086.9;674708054.1;701901087.2;710904109.1;724582783.3;803186066.7;821923887.6;841031803.6;858727970.3;875212132.8;900045469.8;923868772.2;931261134;934988663.7;953220942.4;974191803;999520790.7;1029506414;1065539139;1087506714;1098546195;1122714212
Congo;12544967571;12845465641;13180982531;13051850658;12334902615;12826488496;13376806620;13293226707;13790068070;13433981021;14451736789;15001278806;15688617909;15816207802;16366079084;17635392732;18735135296;18438703723;19466157004;20920060529;22750912219;23529134761;24423240907;25263572639;26976427946;27690345067;27174013462
Congo_the Democratic Republic of the;44322410982;40589997928;36328044669;31435001973;30209037901;30420500813;30109246571;28417996160;27956444126;26762664591;24913116293;24389897745;25108854659;26509381956;28295683240;30031666177;31629645446;33609493565;35701987121;36721300313;39320760557;42019985293;45027716856;48856650252;53502899890;57185360031;58446468776
Cook Islands;;;;;;;;;;;;;;;;;;;;;;;;;;;
Costa Rica;24109013879;24729078422;27003303099;28917166954;30214757583;31460057677;31849475397;33621881292;35962535832;37380665886;38776659193;40130146629;41451132013;43215075093;45089129284;46834472245;50224226207;54326488829;56852452418;56300671900;59088604516;61633610782;64590125734;66055693385;68471220380;71705298733;74809269104
Cote d'Ivoire;39180243996;39196278577;39100419918;39025157436;39341732121;42145123523;45402658112;47102330747;49424795774;50224255409;49185416882;49245114164;48423881889;47765541810;48353904781;49186195094;49931780276;50813094565;52105191009;53799367179;54884843974;52476906029;58095348126;63259688377;68822794330;75129288986;81706941227
Croatia;;;;;;58943867069;62406051959;66553229983;67792371866;67158174233;69688355876;72081735812;75863485722;80079907732;83349418764;86819955950;90974395789;95659581702;97623822550;90415491337;88877298004;88627319350;86688659512;85766360576;85344598042;86745480176;89286504946
Cuba;;;;;;;;;;;;;;;;;;;;;;;;;;;
Cyprus;13512014698;13611936242;14891458090;14995698340;15880444358;17225230322;17454844957;17902667884;18839971683;19749668828;20880219213;21632045965;22367341785;22921127981;23968693092;24861363377;25982656441;27235205099;28287564180;27786181036;28152341163;28242765356;27350921618;25722790203;25328858112;25754198972;26484204894
Czech Republic;2.06E+11;1.82E+11;1.81E+11;1.82E+11;1.87E+11;1.98E+11;2.07E+11;2.06E+11;2.05E+11;2.08E+11;2.17E+11;2.23E+11;2.27E+11;2.35E+11;2.47E+11;2.63E+11;2.81E+11;2.96E+11;3.04E+11;2.90E+11;2.96E+11;3.02E+11;3.00E+11;2.98E+11;3.06E+11;3.20E+11;3.28E+11
Denmark;1.74E+11;1.76E+11;1.80E+11;1.80E+11;1.89E+11;1.95E+11;2.01E+11;2.07E+11;2.12E+11;2.18E+11;2.26E+11;2.28E+11;2.29E+11;2.30E+11;2.36E+11;2.42E+11;2.51E+11;2.53E+11;2.52E+11;2.40E+11;2.44E+11;2.47E+11;2.48E+11;2.50E+11;2.54E+11;2.59E+11;2.62E+11
Djibouti;1831219811;1752887247;1752572306;1636536575;1621196622;1564645049;1500252100;1489062138;1490541946;1523020947;1529359973;1560677662;1601544979;1652793768;1716037526;1770429072;1855407271;1950034181;2063135435;2166965347;2242525641;2342710799;2456153749;2578959158;2733701719;2911406226;
Dominica;477298449.9;480200094.6;490031504.6;498268659.8;505400505;515380745.4;528995986.5;536882353.3;563608824.7;567459934.5;569589673.8;572284419.8;562251356.9;605472816.5;625151556.4;624599907.8;642898733.2;683536398.7;732209261.5;723644191.3;728511007.9;726828064.9;719052528;724593839.3;754932315.9;741629313.8;748229316.4
Dominican Republic;37837002796;38194236654;42209666263;45258310635;46300725569;48844315795;52327583387;56516026765;60478138054;64539459172;68190201367;69423918598;73442318934;73256246349;74217337694;81091904197;89745346857;97562538220;1.01E+11;1.02E+11;1.10E+11;1.14E+11;1.17E+11;1.22E+11;1.32E+11;1.41E+11;1.50E+11
Ecuador;76349832716;79626265458;81309812089;82914232001;86444927674;88392141832;89922870551;93814610781;96879092627;92287618677;93295216341;97041606944;1.01E+11;1.04E+11;1.12E+11;1.18E+11;1.23E+11;1.26E+11;1.34E+11;1.35E+11;1.40E+11;1.51E+11;1.59E+11;1.67E+11;1.74E+11;1.74E+11;1.71E+11
Egypt;3.39E+11;3.43E+11;3.58E+11;3.69E+11;3.83E+11;4.01E+11;4.21E+11;4.44E+11;4.62E+11;4.90E+11;5.16E+11;5.35E+11;5.47E+11;5.65E+11;5.88E+11;6.14E+11;6.56E+11;7.03E+11;7.53E+11;7.89E+11;8.29E+11;8.44E+11;8.63E+11;8.81E+11;9.07E+11;9.47E+11;9.87E+11
El Salvador;23803956803;24655284550;26515115873;28469153527;30191641934;32122871740;32670755934;34058068128;35334811838;36553544280;37340415064;37978539007;38867549288;39761517796;40497318831;41940163179;43580840824;45254242774;45830735943;44394833115;45000976488;45998522379;46863782747;47729191862;48409559908;49522384600;50694311370
Equatorial Guinea;426634512.6;422273288.7;568993494.3;631771758.7;737080754.1;865968638.7;1442530534;3605936326;4463229020;5608672805;6630224129;10832451922;12940754061;14746668683;20350215037;23758611626;25589193076;29499762713;34750457672;35217280131;32074428109;34166939303;37007193181;35477614648;35231210755;32015040167;28914378962
Eritrea;;;3464715058;3930884241;4765073355;4901277213;5355078549;5778594838;5881025215;5881817992;5697012107;6195810310;6382021003;6212545425;6302735154;6464995890;6402336055;6493685998;5858406747;6085507975;6219035616;6758835465;;;;;
Estonia;;;;;;16322814615;17191815945;19220212759;20011558458;19840169811;21936893827;23325216331;24742548540;26577496361;28250482310;30898601006;34072469486;36712469967;34722853851;29610120602;30279035699;32579424941;33982705150;34463633257;35436509561;35948289232;36512782886
Ethiopia;31350152720;29112541932;26587762518;30082147999;31041757862;32943845118;37037504562;38198225461;36877277672;38780936521;41136187142;44551028046;45225853914;44248360524;50254014900;56193419294;62281822907;69416932547;76905993365;83675684347;94177433194;1.05E+11;1.14E+11;1.26E+11;1.39E+11;1.53E+11;1.65E+11
European Union;1.19E+13;1.20E+13;1.21E+13;1.21E+13;1.25E+13;1.28E+13;1.31E+13;1.34E+13;1.38E+13;1.42E+13;1.48E+13;1.51E+13;1.54E+13;1.56E+13;1.60E+13;1.64E+13;1.69E+13;1.75E+13;1.76E+13;1.69E+13;1.72E+13;1.75E+13;1.74E+13;1.75E+13;1.78E+13;1.82E+13;1.85E+13
Fiji;4292558909;4176659697;4431435997;4525826985;4756644169;4875560203;5109587138;4997176182;5062139571;5507607753;5413978502;5522258043;5698970329;5755959945;6061025839;6103453043;6216518479;6163637444;6227295135;6140982491;6322428385;6493459112;6615761902;7018032893;7400267904;7811978867;7965476600
Finland;1.44E+11;1.36E+11;1.31E+11;1.30E+11;1.35E+11;1.41E+11;1.46E+11;1.55E+11;1.64E+11;1.71E+11;1.81E+11;1.85E+11;1.88E+11;1.92E+11;2.00E+11;2.05E+11;2.14E+11;2.25E+11;2.26E+11;2.08E+11;2.14E+11;2.19E+11;2.16E+11;2.14E+11;2.13E+11;2.14E+11;2.17E+11
France;1.73E+12;1.75E+12;1.77E+12;1.76E+12;1.80E+12;1.84E+12;1.87E+12;1.91E+12;1.98E+12;2.05E+12;2.13E+12;2.17E+12;2.19E+12;2.21E+12;2.27E+12;2.31E+12;2.36E+12;2.42E+12;2.42E+12;2.35E+12;2.40E+12;2.45E+12;2.45E+12;2.47E+12;2.49E+12;2.52E+12;2.55E+12
Gabon;18568819535;19703839276;19094961943;19848555120;20585483311;21609373912;22392724310;23677701100;24501172142;22312574852;21892436565;22359891188;22304207642;22805456794;22962710239;23858417932;22991250943;24292314886;23488620495;23519233477;25186720628;26972900730;28389268494;29989972997;31284003482;32497590563;33232683865
Gambia;1390765033;1433976648;1482426259;1527078436;1529435424;1542922722;1577230313;1654514584;1712422569;1822017602;1922228573;2033717835;1967621999;2102797627;2251044858;2229847311;2254913018;2336789485;2470795995;2630154822;2801762761;2680483729;2837619859;2973283850;2999373245;3140820062;3191878149
Georgia;38447233331;30334866881;16714511679;11817159512;10588175717;10863467779;12080176463;13350895136;13765427537;14160392956;14420709376;15113689663;15940988564;17703759358;18740726926;20539769395;22467072708;25240408136;25824483151;24881863346;26436835047;28345977228;30146083609;31167144651;32608105117;33547322405;34467865185
Germany;2.49E+12;2.61E+12;2.66E+12;2.64E+12;2.70E+12;2.75E+12;2.77E+12;2.82E+12;2.88E+12;2.94E+12;3.02E+12;3.07E+12;3.07E+12;3.05E+12;3.09E+12;3.11E+12;3.22E+12;3.33E+12;3.37E+12;3.18E+12;3.31E+12;3.43E+12;3.44E+12;3.46E+12;3.52E+12;3.58E+12;3.64E+12
Ghana;28080358687;29563514455;30710407126;32199862045;33262457361;34630348991;36224197313;37744294161;39518423484;41257232876;42783750540;44495100561;46497379953;48915243703;51654497345;54702114730;58203002164;60732981410;66289927193;69502175404;74992666759;85526138706;93473665297;1.00E+11;1.04E+11;1.08E+11;1.12E+11
Greece;2.11E+11;2.17E+11;2.19E+11;2.15E+11;2.20E+11;2.24E+11;2.31E+11;2.41E+11;2.51E+11;2.58E+11;2.68E+11;2.79E+11;2.90E+11;3.07E+11;3.23E+11;3.25E+11;3.43E+11;3.54E+11;3.53E+11;3.38E+11;3.19E+11;2.90E+11;2.69E+11;2.60E+11;2.61E+11;2.61E+11;2.61E+11
Grenada;697239056.2;706899648.5;700882863.3;687153850.4;698791182.6;713671774.8;745346183.4;782729028.1;874644820.7;935068908.8;980774641.9;960924743.5;993954835.8;1088022457;1080978053;1224456960;1175261845;1247547303;1259387163;1176092442;1170079476;1179028541;1165407281;1192821167;1280574280;1360337544;1385568773
Guatemala;47252664594;48981284605;51351165106;53367793139;55520511947;58267970856;59991409186;62609488234;65735910449;68264811786;70728399242;72378191607;75176785982;77079352525;79508956794;82101037075;86517889594;91972026250;94989768489;95489105565;98229550167;1.02E+11;1.05E+11;1.09E+11;1.14E+11;1.19E+11;1.22E+11
Guinea;6789712120;6967156019;7195048021;7557976643;7858035806;8220108416;8586854725;9031791486;9360920919;9717759602;9961001010;10325408939;10858675986;10994257551;11251536075;11588775279;11878115542;12086895083;12683616959;12648078443;12892972742;13396928290;13925318145;14245600356;14302582558;14316884358;15061362229
Guinea-Bissau;1589637535;1670709050;1689086849;1724557673;1779743518;1858052233;2073586292;2208369401;1587818047;1604101715;1691156113;1728173944;1711148363;1720876415;1768396731;1843826371;1886414153;1946874625;2009318238;2075860381;2167859224;2370210330;2327594221;2346686834;2406317909;2521743681;2662299320
Guyana;2109036814;2235254442;2410307201;2608285930;2830598209;2971740713;3206016903;3405653920;3347466036;3446881793;3399427623;3475914721;3512446611;3477137557;3591671854;3521386026;3702019373;3961912737;4040225769;4174305678;4356759128;4593641614;4814892475;5066308147;5260900751;5427905650;5605078146
Haiti;;;;;;;13676750533;14046667398;14353143351;14742148991;14870414491;14715111690;14678108403;14731507411;14212532885;14469070645;14794512151;15289133971;15418165750;15893545989;15019751836;15849403538;16306674054;16997107258;17474751212;17686408605;17941076590
Honduras;15716671883;16227783368;17140481908;18208339422;17971037931;18701196910;19373551640;20341012293;20931224140;20535721356;21716145048;22307517649;23145017230;24197429971;25705487115;27260823119;29051107767;30848885361;32154286828;31372414225;32542963029;33791210423;35186343988;36168591807;37274656483;38631714481;40026135401
Hungary;;1.56E+11;1.52E+11;1.51E+11;1.55E+11;1.57E+11;1.57E+11;1.63E+11;1.70E+11;1.75E+11;1.82E+11;1.89E+11;1.98E+11;2.05E+11;2.16E+11;2.25E+11;2.34E+11;2.35E+11;2.37E+11;2.21E+11;2.23E+11;2.27E+11;2.23E+11;2.28E+11;2.37E+11;2.44E+11;2.49E+11
Iceland;7419631789;7403047020;7153276050;7247230716;7508772977;7517526983;7877245342;8264269342;8806996540;9159613178;9588330170;9955922155;9987253632;10230956622;11059641083;11801122780;12391256940;13549848051;13755719770;12800530679;12344849083;12590157376;12743446994;13305628671;13561781180;14117339577;15133743482
India;1.53E+12;1.54E+12;1.63E+12;1.71E+12;1.82E+12;1.96E+12;2.10E+12;2.19E+12;2.32E+12;2.53E+12;2.63E+12;2.75E+12;2.86E+12;3.08E+12;3.33E+12;3.64E+12;3.97E+12;4.36E+12;4.53E+12;4.92E+12;5.42E+12;5.78E+12;6.10E+12;6.49E+12;6.97E+12;7.53E+12;8.07E+12
Indonesia;8.39E+11;8.97E+11;9.56E+11;1.02E+12;1.09E+12;1.18E+12;1.28E+12;1.34E+12;1.16E+12;1.17E+12;1.23E+12;1.27E+12;1.33E+12;1.39E+12;1.46E+12;1.55E+12;1.63E+12;1.74E+12;1.84E+12;1.93E+12;2.05E+12;2.17E+12;2.30E+12;2.43E+12;2.55E+12;2.68E+12;2.81E+12
Iran, Islamic Republic of;5.71E+11;6.44E+11;6.65E+11;6.56E+11;6.44E+11;6.60E+11;7.02E+11;7.11E+11;7.26E+11;7.41E+11;7.84E+11;8.03E+11;8.68E+11;9.42E+11;9.83E+11;1.02E+12;1.08E+12;1.18E+12;1.19E+12;1.22E+12;1.30E+12;1.35E+12;1.26E+12;1.24E+12;1.29E+12;1.27E+12;
Iraq;2.01E+11;72363526905;95948400424;1.25E+11;1.30E+11;1.33E+11;1.47E+11;1.78E+11;2.41E+11;2.83E+11;2.87E+11;2.94E+11;2.73E+11;1.83E+11;2.82E+11;2.94E+11;3.24E+11;3.29E+11;3.56E+11;3.68E+11;3.91E+11;4.21E+11;4.79E+11;5.11E+11;5.14E+11;5.39E+11;5.98E+11
Ireland;77718489031;79218175731;81866656629;84071005656;88909987313;97475951042;1.06E+11;1.18E+11;1.27E+11;1.41E+11;1.55E+11;1.65E+11;1.74E+11;1.80E+11;1.92E+11;2.03E+11;2.15E+11;2.24E+11;2.14E+11;2.04E+11;2.08E+11;2.08E+11;2.06E+11;2.08E+11;2.26E+11;2.85E+11;3.00E+11
Israel;92082341232;99172109700;1.05E+11;1.11E+11;1.18E+11;1.26E+11;1.34E+11;1.39E+11;1.45E+11;1.51E+11;1.64E+11;1.64E+11;1.64E+11;1.66E+11;1.75E+11;1.82E+11;1.93E+11;2.05E+11;2.11E+11;2.14E+11;2.26E+11;2.37E+11;2.43E+11;2.53E+11;2.61E+11;2.68E+11;2.79E+11
Italy;1.77E+12;1.79E+12;1.81E+12;1.79E+12;1.83E+12;1.88E+12;1.91E+12;1.94E+12;1.98E+12;2.01E+12;2.08E+12;2.12E+12;2.12E+12;2.13E+12;2.16E+12;2.18E+12;2.22E+12;2.26E+12;2.23E+12;2.11E+12;2.15E+12;2.16E+12;2.10E+12;2.06E+12;2.06E+12;2.08E+12;2.10E+12
Jamaica;17663482176;18518083616;18880212612;20658181598;20943964776;21436138951;21411759371;21167566848;20673398666;20889988462;21073549532;21356973929;21783534836;22582188406;22881114502;23085625431;23754906650;24095065994;23899232640;22863720930;22527855029;22917372413;22774836856;22889540026;23048535598;23278214005;23598300058
Japan;3.76E+12;3.89E+12;3.92E+12;3.92E+12;3.96E+12;4.07E+12;4.19E+12;4.24E+12;4.19E+12;4.18E+12;4.30E+12;4.31E+12;4.32E+12;4.38E+12;4.48E+12;4.56E+12;4.62E+12;4.70E+12;4.65E+12;4.39E+12;4.58E+12;4.57E+12;4.64E+12;4.73E+12;4.75E+12;4.81E+12;4.86E+12
Jordan;22371971894;22780013485;27031865540;28283688252;29694037395;31531012206;32189174003;33253957439;34249560415;35417290436;36920842045;38866059647;41114259359;42825044372;46493993496;50281665401;54351127095;58794722532;63046997030;66499816922;68036888686;69797089967;71646980626;73674024717;75955215850;77771833687;79329860657
Kazakhstan;2.13E+11;1.90E+11;1.80E+11;1.63E+11;1.43E+11;1.31E+11;1.32E+11;1.34E+11;1.31E+11;1.35E+11;1.48E+11;1.68E+11;1.85E+11;2.02E+11;2.21E+11;2.43E+11;2.69E+11;2.92E+11;3.02E+11;3.06E+11;3.28E+11;3.52E+11;3.69E+11;3.91E+11;4.08E+11;4.13E+11;4.17E+11
Kenya;55707556395;56508824245;56057039608;56255031534;57736105295;60280083108;62779801265;63077943747;65153342908;66655380645;67055109891;69589730346;69970288418;72022150016;75698376458;80169626784;85358601307;91206288418;91418144889;94441287921;1.02E+11;1.09E+11;1.14E+11;1.20E+11;1.27E+11;1.34E+11;1.42E+11
Kiribati;142008673.1;142008673.1;143254363.2;144500053.3;146991433.5;146991433.5;149482813.8;151974194;161939714.9;159448334.7;169413855.6;166922475.4;173244601.9;176720451;173841038.3;182449006.1;179564486.1;183518804.8;180128410;180650105;177745903.1;178593470.6;187858540;198720833.2;203507397.5;210624149.7;217100243.5
Korea, Democratic People's Republic of;;;;;;;;;;;;;;;;;;;;;;;;;;;
Korea, Republic of;4.99E+11;5.50E+11;5.84E+11;6.24E+11;6.82E+11;7.47E+11;8.04E+11;8.51E+11;8.05E+11;8.96E+11;9.76E+11;1.02E+12;1.10E+12;1.13E+12;1.18E+12;1.23E+12;1.29E+12;1.36E+12;1.40E+12;1.41E+12;1.50E+12;1.56E+12;1.60E+12;1.64E+12;1.70E+12;1.74E+12;1.79E+12
Kuwait;;;85650014204;1.15E+11;1.24E+11;1.30E+11;1.31E+11;1.35E+11;1.39E+11;1.37E+11;1.43E+11;1.44E+11;1.49E+11;1.75E+11;1.93E+11;2.13E+11;2.29E+11;2.43E+11;2.49E+11;2.31E+11;2.25E+11;2.47E+11;2.64E+11;2.67E+11;2.68E+11;2.73E+11;
Kyrgyzstan;15257961984;14060049358;12107290038;10235584762;8179751332;7736096175;8284160096;9105548496;9298753247;9638696099;10161756700;10702523148;10700665921;11452954424;12257737465;12236219224;12615896710;13693656983;14844145454;15272591237;15200570760;16105958461;16091761028;17848252276;18566472842;19286076944;20024055234
Lao People's Democratic Republic;6867969080;7163055742;7561311453;8008378269;8661783336;9270815352;9913127451;10594366618;11014709565;11819485669;12504871915;13224078730;14006778054;14856569601;15801105055;16924179400;18382919476;19779438397;21327160219;22927075774;24882045863;26882227109;29039870809;31370248384;33758627417;36213192162;38756360361
Latvia;;;;;;20555250976;21040153962;22928323928;24423656315;25063299270;26418436643;28125414669;30123170150;32662764166;35385383447;39170569872;43827710895;48188301301;46449226197;39792009757;38284031903;40727127664;42358358808;43470925169;44392473475;45596454293;46485751856
Lebanon;21246044464;29362184105;30683463879;32830682285;35458170393;37775342550;39715674484;38807461960;40201675642;40019532195;40557421332;42127504191;43566202592;44970112129;47629540650;48930914422;49692513846;54338516802;59297539586;65407588036;70614315487;72014278181;73598592301;74260979632;75597677265;76580447070;77931504462
Lesotho;2213448625;2367650888;2532353327;2621232998;2777979426;2869401018;3030002405;3142221695;3190538249;3205726012;3329965418;3448564877;3473526823;3631911893;3693377422;3821394418;3983043033;4174596195;4452597297;4548385354;4845681855;5166966180;5471873585;5589659174;5716962258;6037902631;6188850196
Liberia;1835475594;1574375304;1021995005;684988151.3;535918633.7;513055210.8;575243721.2;1186611651;1545064853;1880984323;2419245543;2489856481;2583543929;1804728863;1852023682;1949847123;2106676487;2307545833;2472464732;2603507813;2762320349;2988830567;3227771170;3508712338;3533313381;3533313381;3476780367
Libyan Arab Jamahiriya;;;;;;;;;;1.13E+11;1.17E+11;1.15E+11;1.14E+11;1.29E+11;1.35E+11;1.51E+11;1.61E+11;1.71E+11;1.75E+11;1.74E+11;1.83E+11;69322560014;;;;;
Liechtenstein;;;;;;;;;;;;;;;;;;;;;;;;;;;
Lithuania;;;;;;33956647648;35705400884;38666531445;41553829402;41082341830;42656480422;45439573001;48511628721;53624058136;57136478466;61551647227;66110435729;73440069584;75370131867;64204677440;65257518357;69205176325;71859126925;74379101244;76978662856;78347787020;80148879853
Luxembourg;22001441205;23903287602;24338244457;25360608484;26329617330;26706710183;27077513719;28623563148;30353757777;32928060832;35641266896;36543694836;37939470223;38557613098;39950382217;41217785215;43352242437;46974128599;46373054427;44351835228;46509538068;47690524462;47522406130;49418641213;52199393963;54289591790;56559164379
Macedonia, the former Yugoslav Republic of;19229894023;18043261943;16858685951;15599464955;15325200440;15154366183;15333961170;15554767350;16080321815;16778051469;17541307811;17003272808;17257306580;17640802282;18465408946;19337599923;20330977296;21647100439;22831567383;22749689765;23513797271;24063994799;23954218606;24654943056;25549829053;26531357369;27169680153
Madagascar;19174383378;17964569064;18177656210;18558761647;18545472041;18863010057;19268360118;19980035575;20765717795;21733216613;22767731872;24137853997;21078673520;23141198987;24357732652;25478894720;26758599470;28428490862;30455019682;29232597652;29309511790;29735787033;30636040392;31326945613;32365701439;33354200458;34755076878
Malawi;7023399391;7636558440;7076571279;7762421264;6967535219;8133121477;8728196072;9059205847;9412084892;9698426688;9851281442;9361183752;9520323877;10063519231;10609012058;10955791576;11470713779;12571902302;13532362545;14659352621;15667046142;16427533196;16737323536;17607664359;18611301228;19132417662;19610728104
Malaysia;1.90E+11;2.09E+11;2.27E+11;2.49E+11;2.72E+11;2.99E+11;3.29E+11;3.53E+11;3.27E+11;3.47E+11;3.78E+11;3.80E+11;4.01E+11;4.24E+11;4.53E+11;4.77E+11;5.03E+11;5.51E+11;5.69E+11;5.55E+11;5.93E+11;6.25E+11;6.59E+11;6.90E+11;7.31E+11;7.68E+11;8.00E+11
Maldives;;;;;;;;;;;;2036041102;2145845535;2458078633;2781560014;2555565509;3063818481;3375469669;3803200940;3600727974;3858783919;4194858489;4299582712;4501654228;4771633126;4907464510;5108242765
Mali;10765975955;12030461772;11643241811;12012585023;12466652814;12581473479;13469195248;14119625965;15188717115;16054617320;16044850498;18511945131;19086983210;20827533225;21152442464;22534704376;23585314406;24409294915;25574443983;26771089019;28220329132;29134739169;28891120638;29556652104;31638432393;33524899739;35318302360
Malta;5720445668;6078344898;6363475950;6648607358;7024327124;7469844593;7752005704;8159527104;8577751926;8982619662;9590760432;9649106181;9936921494;10189693780;10234876159;10622128282;10816376935;11247566253;11623967490;11337753128;11739413805;11903317730;12210600657;12761433232;13821351147;14847855451;15596403724
Marshall Islands;136480829.4;136600780.7;146355170.4;155145621.7;164264640.6;177756069.6;159441980.3;149164874.9;144922309;141448296.9;149780583.7;157813857.8;161942037.3;162217554.3;162127652.6;166586501.9;169790809;175826330.7;172949979.9;169993489.6;180937375.8;183971648.9;190778204.6;195278851.4;193424305.4;194651518.5;200331026.7
Mauritania;5698062617;5799948941;5908647286;6255699794;6064229582;6659724826;7047242666;6762203080;6950043890;7486088641;7453868047;7603601119;7654165383;8111750781;8577967455;9347361583;11111124525;11424217878;11547595680;11427260298;11972763100;12535969842;13262439094;14070155949;14855206470;15063179361;15364442948
Mauritius;7820984991;8167880574;8699830019;9141960855;9520085421;9928281614;10483058486;11079280073;11751861965;12058677171;13147167424;13485519019;13770510285;14274078071;15094233414;15281611346;16586394386;17536299871;18480973779;19093632288;19929399379;20742028226;21467194079;22188578979;23019446834;23817914130;24699176953
Mexico;1.07E+12;1.12E+12;1.16E+12;1.21E+12;1.26E+12;1.19E+12;1.26E+12;1.35E+12;1.41E+12;1.45E+12;1.53E+12;1.52E+12;1.52E+12;1.54E+12;1.61E+12;1.66E+12;1.74E+12;1.79E+12;1.82E+12;1.73E+12;1.82E+12;1.90E+12;1.97E+12;2.00E+12;2.04E+12;2.10E+12;2.15E+12
Micronesia, Federated States of;266167849.6;285937044;297397446.6;321607547;319888486.6;342549427.1;331890823;311759193.3;320973930;325415409;340264795.9;346209879.7;348286791.2;354646025.3;343186482.3;350601219.5;350028342.6;342818889.8;334043946.1;337257299.7;345791861.5;352882555.8;354873371;342234552.6;330588634.7;343060704.3;349542278.3
Moldova, Republic of;;;;;;9575219568;9012478153;9160919479;8561594536;8273218247;8447594196;8962897466;9662003449;10299695668;11061873131;11891513626;12462306265;12836175477;13837397178;13007153311;13930661208;14877946210;14773800564;16162537832;16938339607;16870586227;17562280269
Monaco;;;;;;;;;;;;;;;;;;;;;;;;;;;
Mongolia;11188351777;10215687411;9270075809;8976326430;9167915588;9752501023;9970478573;10358999566;10704983584;11033666082;11160118751;11489644755;12033447166;12876346167;14244510220;15277759335;16584960297;18284589742;19911985507;19659382269;20910733737;24526362150;27547965753;30757005096;33182264406;33964427183;34295804785
Morocco;98177236991;1.05E+11;1.03E+11;1.02E+11;1.13E+11;1.07E+11;1.20E+11;1.18E+11;1.27E+11;1.28E+11;1.31E+11;1.40E+11;1.45E+11;1.53E+11;1.61E+11;1.66E+11;1.79E+11;1.85E+11;1.96E+11;2.04E+11;2.12E+11;2.23E+11;2.30E+11;2.40E+11;2.46E+11;2.57E+11;2.60E+11
Mozambique;5014689190;5260408917;4985219536;5422280803;5756231621;5885016369;7464867958;8274211304;9255482622;9979536623;10147043443;11437845371;12443696079;13252611816;14287797989;15533789399;17064031608;18331217003;19591709145;20836069045;22229529470;23811739934;25525753223;27348721678;29384516058;31322101897;32527700834
Myanmar;30184121260;29987738263;32884836400;34870886573;37478516950;40082543585;42664947772;45076192692;47720458237;52943524419;60221104519;67052584851;75116002450;85515059494;97114887945;1.10E+11;1.25E+11;1.40E+11;1.54E+11;1.70E+11;1.87E+11;1.97E+11;2.12E+11;2.29E+11;2.48E+11;2.66E+11;2.83E+11
Namibia;8091022453;8751703992;9380893972;9232719080;9392433989;9758646324;10070076368;10495043688;10840497030;11205743576;11597068673;11733676211;12295562223;12816868772;14389440641;14753387382;15796920344;16842217484;17288504578;17339673543;18386859675;19322996885;20301065543;21448961036;22834308594;24043436006;24331957238
Nauru;;;;;;;;;;;;;;;;;;39848315.16;53563822.57;58202288.05;66089179.28;73811384.02;81256407.31;109058272.9;148890823.4;153071962.5;168991446.6
Nepal;22460809734;23891147880;24872215556;25829758552;27951932215;28921431534;30462447594;32000378542;32965634594;34420267375;36554323948;38308844733;38354917592;39868033577;41734895411;43186927982;44640001747;46162922314;48981002139;51201349524;53667418823;55503825717;58157570335;60558825273;64185684030;65934918627;66304559492
Netherlands;4.80E+11;4.92E+11;5.00E+11;5.06E+11;5.21E+11;5.37E+11;5.57E+11;5.80E+11;6.07E+11;6.37E+11;6.64E+11;6.79E+11;6.79E+11;6.81E+11;6.95E+11;7.10E+11;7.35E+11;7.62E+11;7.75E+11;7.46E+11;7.56E+11;7.69E+11;7.61E+11;7.59E+11;7.70E+11;7.85E+11;8.02E+11
New Zealand;80450547421;79574677401;80457662543;85604021492;89999024861;94260975711;97680497481;99668459181;1.00E+11;1.06E+11;1.09E+11;1.13E+11;1.18E+11;1.23E+11;1.28E+11;1.33E+11;1.36E+11;1.40E+11;1.39E+11;1.38E+11;1.40E+11;1.44E+11;1.47E+11;1.50E+11;1.55E+11;1.59E+11;1.66E+11
Nicaragua;12448279822;12424539409;12472431923;12423647441;12838300572;13597289064;14459937564;15033512819;15591508925;16688522890;17373017702;17887405572;18022265688;18476558875;19458065189;20291337043;21063394946;22132647021;22893062123;22139270243;23115634004;24575775914;26172251856;27461783342;28775956036;30172442923;31591205826
Niger;7165510656;7344949609;6866320037;6965843080;7244794564;7433576223;7687737114;7899454752;8722756664;8673145258;8550896465;9158381275;9433052306;9933004078;9942937083;10390369251;10993010668;11338913487;12426051458;12337494571;13370049077;13679084421;15295085393;16100888419;17235968521;17857377171;18750244588
Nigeria;2.90E+11;2.88E+11;2.89E+11;2.95E+11;2.98E+11;2.97E+11;3.12E+11;3.21E+11;3.29E+11;3.31E+11;3.48E+11;3.64E+11;3.78E+11;4.17E+11;5.57E+11;5.76E+11;6.24E+11;6.66E+11;7.08E+11;7.57E+11;8.17E+11;8.57E+11;8.93E+11;9.41E+11;1.00E+12;1.03E+12;1.01E+12
Niue;;;;;;;;;;;;;;;;;;;;;;;;;;;
Norway;1.82E+11;1.87E+11;1.94E+11;1.99E+11;2.10E+11;2.18E+11;2.29E+11;2.41E+11;2.48E+11;2.53E+11;2.61E+11;2.66E+11;2.70E+11;2.73E+11;2.83E+11;2.91E+11;2.98E+11;3.06E+11;3.08E+11;3.03E+11;3.04E+11;3.07E+11;3.16E+11;3.19E+11;3.25E+11;3.30E+11;3.34E+11
Oman;63501354658;67358476794;73025940648;77438869232;80440225030;84459678012;87032269133;92283371802;94721810379;94603591030;99713483585;1.04E+11;1.03E+11;1.00E+11;1.02E+11;1.04E+11;1.10E+11;1.15E+11;1.24E+11;1.32E+11;1.38E+11;1.36E+11;1.49E+11;1.56E+11;1.60E+11;1.69E+11;
Pakistan;3.29E+11;3.46E+11;3.72E+11;3.79E+11;3.93E+11;4.12E+11;4.32E+11;4.37E+11;4.48E+11;4.64E+11;4.84E+11;4.94E+11;5.10E+11;5.34E+11;5.74E+11;6.18E+11;6.56E+11;6.88E+11;6.99E+11;7.19E+11;7.31E+11;7.51E+11;7.77E+11;8.11E+11;8.49E+11;8.89E+11;9.40E+11
Palau;;248749993.6;232829992.8;204191798.6;219097789.5;242979544;268249444.7;274419186.3;279907432.8;264792572;261316032.1;272598054.5;290588306.4;272140675.2;291045685.7;294704719.9;286624352.6;286471892.8;270463617.8;245917596.1;253997963.5;266804583.5;275342330.2;268634100.6;280068582.8;306291661.9;306444121.6
Panama;19312621529;21131678460;22864831225;24112277785;24799513188;25233920975;26263390029;27960265112;30012968388;31188638366;32035526386;32219497786;32937718567;34322912925;36904709926;39558630526;42981427503;48132315520;52277300208;53112879041;56176084603;62809393883;68606670979;73151285918;77579377622;82061443521;86067685520
Papua New Guinea;6680584537;7318373121;8331900827;9848497260;10433705717;10088094549;10868277100;10443937218;10050293386;10236781992;9981390483;9969284178;9953442950;10168845661;10445557789;11108307125;11363183472;12175851360;12980791819;13778004850;14835374637;16418209555;17746039337;18728710649;20327000425;;
Paraguay;25436138177;26324787858;26771368933;28092899924;29586857834;31605512284;32102916502;33464886318;33487654195;33030188983;32265822175;31996706534;31989858607;33372060396;34726104773;35466981414;37171921864;39187243130;41679205777;40026335228;45266984771;47232661526;46647463725;53195031261;55707078173;57357253470;59704638992
Peru;1.16E+11;1.19E+11;1.18E+11;1.24E+11;1.39E+11;1.50E+11;1.54E+11;1.64E+11;1.63E+11;1.66E+11;1.70E+11;1.71E+11;1.80E+11;1.88E+11;1.97E+11;2.10E+11;2.25E+11;2.45E+11;2.67E+11;2.70E+11;2.92E+11;3.11E+11;3.30E+11;3.49E+11;3.58E+11;3.69E+11;3.84E+11
Philippines;2.48E+11;2.47E+11;2.48E+11;2.53E+11;2.64E+11;2.77E+11;2.93E+11;3.08E+11;3.06E+11;3.16E+11;3.29E+11;3.39E+11;3.51E+11;3.69E+11;3.94E+11;4.12E+11;4.34E+11;4.63E+11;4.82E+11;4.87E+11;5.25E+11;5.44E+11;5.80E+11;6.21E+11;6.59E+11;6.99E+11;7.48E+11
Poland;3.92E+11;3.64E+11;3.73E+11;3.87E+11;4.08E+11;4.36E+11;4.63E+11;4.92E+11;5.15E+11;5.39E+11;5.64E+11;5.71E+11;5.82E+11;6.03E+11;6.34E+11;6.56E+11;6.97E+11;7.46E+11;7.77E+11;7.99E+11;8.28E+11;8.70E+11;8.84E+11;8.96E+11;9.25E+11;9.61E+11;9.87E+11
Portugal;2.01E+11;2.10E+11;2.12E+11;2.08E+11;2.10E+11;2.19E+11;2.27E+11;2.37E+11;2.48E+11;2.58E+11;2.68E+11;2.73E+11;2.75E+11;2.72E+11;2.77E+11;2.79E+11;2.84E+11;2.91E+11;2.91E+11;2.83E+11;2.88E+11;2.83E+11;2.71E+11;2.68E+11;2.71E+11;2.75E+11;2.79E+11
Qatar;;;;;;;;;;;64156673602;66657620467;71445071915;74102799038;88344553238;94963997266;1.20E+11;1.41E+11;1.66E+11;1.86E+11;2.23E+11;2.52E+11;2.64E+11;2.76E+11;2.87E+11;2.97E+11;3.04E+11
Romania;2.66E+11;2.32E+11;2.12E+11;2.15E+11;2.23E+11;2.39E+11;2.48E+11;2.37E+11;2.32E+11;2.31E+11;2.36E+11;2.49E+11;2.62E+11;2.77E+11;3.00E+11;3.12E+11;3.38E+11;3.61E+11;3.91E+11;3.64E+11;3.61E+11;3.65E+11;3.67E+11;3.80E+11;3.92E+11;4.07E+11;4.27E+11
Russian Federation;3.06E+12;2.91E+12;2.48E+12;2.27E+12;1.98E+12;1.90E+12;1.83E+12;1.86E+12;1.76E+12;1.87E+12;2.06E+12;2.16E+12;2.27E+12;2.43E+12;2.61E+12;2.77E+12;3.00E+12;3.26E+12;3.43E+12;3.16E+12;3.30E+12;3.44E+12;3.56E+12;3.61E+12;3.63E+12;3.53E+12;3.52E+12
Rwanda;6258108459;6100755853;6459036482;5935293115;2952923048;3993062975;4502006633;5125523408;5579576587;5817833040;6304049634;6840564497;7742580109;7913594222;8500407353;9298473211;10156896991;10938196759;12158768071;12923301750;13865555978;14945292138;16266459987;17030993666;18328688990;19954999667;21138685582
Saint Kitts and Nevis;584997081.6;572429240.2;596913624.6;638729649.8;672666340.9;711363643.6;753235643.7;805181285.1;799808200.4;826909700.4;915342093.6;965354341.7;990281444.3;954480784.7;988905822.1;1075647068;1095138110;1093204763;1161988280;1126895751;1101550704;1127973938;1121199886;1190937336;1261953602;1309439800;1356177795
Saint Lucia;1256515495;1261257585;1362570063;1366789974;1388580659;1412145513;1453064332;1440977422;1532810785;1573779106;1570396303;1510995981;1515711611;1586989820;1708374014;1700019207;1816180342;1833622360;1910217379;1903374544;1871043356;1875503372;1848335043;1849490497;1856366439;1892096825;1905311590
Saint Vincent and the Grenadines;599463920.6;606272257.1;644934862.5;672351193;663962017.9;715534695.2;724744522.5;750152785.6;780830158.1;801997822.9;815130043.2;829063995.2;881488285.2;949272894.2;988727374.3;1013326959;1091235176;1073976493;1145578639;1121532241;1083921367;1079375927;1094278255;1114328563;1127166923;1145236353;1179601136
Samoa;594321522.1;580652085.3;579490837.2;603249890.2;587914696.3;627150017.7;672172903.6;676497830.6;691346189;706455137.2;755333286.7;807751648.1;842840344.1;880898624;921640202.6;959948104.8;978847639.2;1040736669;1051238604;1000692190;1005487094;1063589611;1067866343;1047215317;1059741555;1077065956;1147754249
San Marino;;;;;;;;;;;;;;;;;;;;;;;;;;;
Sao Tome and Principe;;;;;;;;;;;276900797.4;285733748.2;292525289.3;311754359.3;323701494.3;346664135.3;378264812.5;390572055;422544954.5;432797084;461673241.9;481978562.2;497122212.2;521057624.6;553403223.5;575391345.4;598406999.2
Saudi Arabia;6.93E+11;7.97E+11;8.29E+11;8.18E+11;8.22E+11;8.24E+11;8.46E+11;8.55E+11;8.80E+11;8.47E+11;8.94E+11;8.84E+11;8.59E+11;9.55E+11;1.03E+12;1.09E+12;1.12E+12;1.14E+12;1.21E+12;1.19E+12;1.25E+12;1.37E+12;1.44E+12;1.48E+12;1.54E+12;1.60E+12;1.63E+12
Senegal;13917391811;14273096050;14450460284;14638429040;14635892397;15420884518;15731172004;16222619059;17179538230;18272129890;18854396726;19718100882;19847215734;21173650440;22416707227;23677110544;24259939254;25458012736;26395510267;27035119915;28165015731;28661034906;29925324827;30968287439;32303346111;34398281018;36685604343
Serbia and Montenegro;;;;;;56374587129;57742322005;61891011324;63395245512;55694886607;60016369487;63012815188;67496673584;70476931199;76852635986;81110600160;85088546951;90099207335;94934546560;91976412964;92513994943;93810546883;92858116180;95246180026;93501935676;94210414011;96828308254
Seychelles;988148343.6;1015425448;1088144804;1155573327;1146343797;1136879097;1192785415;1335461110;1447685229;1474785992;1497119249;1463117234;1480862377;1393682121;1353955858;1475889892;1614713983;1782990369;1744711479;1725428129;1828176727;1972370137;2102748609;2229961158;2303928636;2384515771;2491818981
Sierra Leone;5392787874;5519624123;4470182976;4531627849;4443379638;4087920229;4159615049;3915151061;3985037067;3906161802;4166028118;3868560391;4884776140;5343084643;5685979060;5932323215;6260133495;6764595183;7129861456;7461365285;7861678217;8239839598;9490793019;11456883709;11978947820;9524359831;10102204029
Singapore;1.05E+11;1.12E+11;1.20E+11;1.33E+11;1.48E+11;1.58E+11;1.70E+11;1.84E+11;1.80E+11;1.91E+11;2.08E+11;2.06E+11;2.15E+11;2.24E+11;2.46E+11;2.64E+11;2.88E+11;3.14E+11;3.20E+11;3.18E+11;3.66E+11;3.89E+11;4.04E+11;4.24E+11;4.39E+11;4.48E+11;4.57E+11
Slovakia;;;61711899717;62885244765;66787607794;70690338548;75466988796;80045980799;83257276427;83086541197;84092032398;86880917907;90810361318;95731116836;1.01E+11;1.08E+11;1.17E+11;1.29E+11;1.37E+11;1.29E+11;1.36E+11;1.39E+11;1.42E+11;1.44E+11;1.48E+11;1.53E+11;1.58E+11
Slovenia;;;;;;36675420748;37965031527;39906707660;41217895026;43391872631;45194993242;46527958796;48312913334;49686006435;51848239847;53923728706;56973654376;60928563588;62939285575;58031735404;58750026638;59131529881;57541238481;56915809657;58683774180;60043268817;61539503925
Solomon Islands;559013424.6;592577589.7;667778336.7;694332264.6;758167922.4;820516559.3;833687325.7;821684949.1;836342710.9;832306515.2;713557324.4;656625693.5;638240157.5;679725779.5;713021269.6;751675530.4;803891798.6;862736688.4;923943500.8;880260630.5;940959502.6;1062611217;1112135401;1145659465;1162929437;1206358337;1242422102
Somalia;;;;;;;;;;;;;;;;;;;;;;;;;;;
South Africa;3.64E+11;3.60E+11;3.53E+11;3.57E+11;3.69E+11;3.80E+11;3.97E+11;4.07E+11;4.09E+11;4.19E+11;4.36E+11;4.48E+11;4.65E+11;4.78E+11;5.00E+11;5.26E+11;5.56E+11;5.86E+11;6.04E+11;5.95E+11;6.13E+11;6.33E+11;6.47E+11;6.64E+11;6.75E+11;6.84E+11;6.85E+11
Spain;9.23E+11;9.47E+11;9.56E+11;9.46E+11;9.68E+11;9.95E+11;1.02E+12;1.06E+12;1.11E+12;1.15E+12;1.22E+12;1.26E+12;1.30E+12;1.34E+12;1.38E+12;1.44E+12;1.50E+12;1.55E+12;1.57E+12;1.51E+12;1.51E+12;1.50E+12;1.45E+12;1.43E+12;1.45E+12;1.50E+12;1.54E+12
Sri Lanka;62600781575;65480409541;68361541832;73078531459;77170869828;81415333442;84509089413;89922234371;94147161355;98195998156;1.04E+11;1.02E+11;1.07E+11;1.13E+11;1.19E+11;1.26E+11;1.36E+11;1.45E+11;1.54E+11;1.59E+11;1.72E+11;1.87E+11;2.04E+11;2.11E+11;2.21E+11;2.32E+11;2.42E+11
Sudan;45183271340;48576946468;51772270672;54137615869;54682363849;57961715692;61392541956;67879729978;70804330930;73002165107;77634785973;82681326874;87995482217;94801573496;98483009912;1.06E+11;1.17E+11;1.30E+11;1.40E+11;1.45E+11;1.50E+11;1.47E+11;1.47E+11;1.54E+11;1.58E+11;1.66E+11;1.74E+11
Suriname;4296800613;4416342328;4407446571;4087703011;4220437877;4266714492;4321088532;4568967422;4640435268;4600014403;4596854781;4806153138;5012815051;5314092983;5805967128;6071341333;6304610611;6626870013;6901448178;7109437027;7476911397;7914263444;8127184835;8365591025;8396008367;8169111441;7322358418
Swaziland;4632608077;4714159419;4866247960;5017399173;5137851430;5385786229;5592711037;5766241976;5916397188;6090982678;6198194569;6263570952;6537921560;6791606882;7037728896;7459906512;7906916550;8257618012;8325467877;8455765524;8776556526;8973785938;9398765041;10043245610;10469693395;10622974560;10387262814
Sweden;2.65E+11;2.62E+11;2.59E+11;2.53E+11;2.64E+11;2.74E+11;2.78E+11;2.87E+11;2.99E+11;3.12E+11;3.27E+11;3.32E+11;3.39E+11;3.47E+11;3.62E+11;3.72E+11;3.90E+11;4.03E+11;4.01E+11;3.80E+11;4.03E+11;4.13E+11;4.12E+11;4.17E+11;4.28E+11;4.46E+11;4.60E+11
Switzerland;3.21E+11;3.18E+11;3.18E+11;3.17E+11;3.21E+11;3.23E+11;3.25E+11;3.32E+11;3.42E+11;3.48E+11;3.61E+11;3.67E+11;3.67E+11;3.67E+11;3.78E+11;3.89E+11;4.05E+11;4.22E+11;4.31E+11;4.22E+11;4.35E+11;4.42E+11;4.47E+11;4.55E+11;4.64E+11;4.68E+11;4.74E+11
Syrian Arab Republic;;;;;;;;;;;;;;;;;;;;;;;;;;;
Tajikistan;19257428669;17890151407;12702007310;10618878131;8357057300;7320782164;6098211633;6201880974;6530580714;6772212179;7334305858;8082405133;8955304881;9940388159;10964248309;11698852623;12517772528;13494158954;14560197219;15113484857;16095861426;17286955073;18583476560;19958653931;21295734186;22573478237;24131048564
Tanzania_United Republic of;36451878699;37207157329;37424566984;37875832716;38469597664;39842928396;41653537207;43121940270;44721122426;46885795731;49199068982;52149944940;55885734165;59734152418;64410320105;69674791879;72922035021;79094434074;83497301399;87991415202;93586689056;1.01E+11;1.06E+11;1.14E+11;1.22E+11;1.30E+11;1.39E+11
Thailand;3.76E+11;4.09E+11;4.42E+11;4.78E+11;5.16E+11;5.58E+11;5.90E+11;5.73E+11;5.30E+11;5.54E+11;5.79E+11;5.98E+11;6.35E+11;6.81E+11;7.24E+11;7.54E+11;7.92E+11;8.35E+11;8.49E+11;8.43E+11;9.06E+11;9.14E+11;9.80E+11;1.01E+12;1.02E+12;1.05E+12;1.08E+12
Timor-Leste;;;;;;;;;;1031548025;1212127051;1410514752;1316771113;1286249928;1292790182;1373453313;1294970266;1443216021;1648143976;1861792269;2055819800;2221506232;2350131224;2417713848;2559419348;2669474380;
Togo;5112873708;5077085255;4874982391;4139063460;4759195097;5132593564;5586120394;6389258015;6242312967;6397231658;6347110653;6243855458;6186277681;6492770479;6630356526;6708621715;6980482743;7140367482;7299274949;7555501154;7857394710;8241131320;8638382159;8981135250;9508482932;10018697437;10512843648
Tonga;340095442.8;361912360.8;362824327.5;376386872.7;395027533.3;409690455;409732308.6;409193168.8;420318364.5;436633881.7;451347743.5;467604335.3;483591150.8;493788065.1;492052795;499837898.8;495778104.8;475125100.9;489828361.7;501093436.3;519007373.5;533500127.4;538245273.2;521418839.8;532184494.3;551908321.9;571225113.2
Trinidad and Tobago;14974890227;15376524300;15123241551;14903428309;15434869790;16153695277;17306177013;18608095570;20119922206;21734509271;23234485892;24203021031;26123944535;29896612154;32273271332;34277116487;38804457831;40649295468;42027477868;40182222586;41517610649;41395401723;41931049508;43043865356;42795964865;42548380978;40374151469
Tunisia;46226647876;48031588284;51780803831;52914714832;54596562156;55880493068;59873758276;63131455597;66151514541;70156746972;73461031497;76249747294;77258198710;80891197374;85935405701;88931574399;93595319741;99875210401;1.04E+11;1.07E+11;1.11E+11;1.09E+11;1.13E+11;1.17E+11;1.20E+11;1.21E+11;1.23E+11
Turkey;6.15E+11;6.19E+11;6.50E+11;7.00E+11;6.67E+11;7.20E+11;7.73E+11;8.32E+11;8.51E+11;8.22E+11;8.77E+11;8.24E+11;8.77E+11;9.27E+11;1.02E+12;1.11E+12;1.19E+12;1.25E+12;1.26E+12;1.20E+12;1.30E+12;1.44E+12;1.51E+12;1.64E+12;1.73E+12;1.83E+12;1.88E+12
Turkmenistan;30638649933;29227659458;24853451862;25226253683;20862146993;19360063870;20657186631;18302267308;19601728350;22836013430;24084929649;25131141834;25195774085;26019380745;27320455794;30883142515;34270126251;38060162142;43655005977;46317961392;50579213834;58014358232;64453951973;71028255140;78344165398;83436536078;88609601315
Tuvalu;21333030.91;22102975.19;22719397.68;23653321.92;26085708.2;24780265.29;23303024.18;25634077.96;29607672.77;29144670.54;28861792.42;29333425.18;31646710.23;30591755.58;30178099.64;29037448.97;29658542.09;31542027.05;34060109.37;32550275.33;31661839.03;34338316.85;34398222.84;34844776.31;35623858.79;36565093.59;37568163.56
Uganda;13637995373;14395462660;14887550950;16127131991;17159854780;19137226683;20873377816;21937920473;23014033714;24867572109;25648888182;26978439628;29334381985;31233272410;33359394144;35471899501;39297453191;42603322347;46313539992;49433681068;52233787625;57164099632;59366799304;61488699449;64714900231;67946377419;71104198259
Ukraine;5.43E+11;4.97E+11;4.49E+11;3.85E+11;2.97E+11;2.61E+11;2.35E+11;2.28E+11;2.23E+11;2.23E+11;2.36E+11;2.58E+11;2.71E+11;2.96E+11;3.32E+11;3.41E+11;3.66E+11;3.95E+11;4.04E+11;3.44E+11;3.59E+11;3.79E+11;3.79E+11;3.79E+11;3.54E+11;3.20E+11;3.27E+11
United Arab Emirates;2.07E+11;2.08E+11;2.15E+11;2.18E+11;2.33E+11;2.49E+11;2.63E+11;2.85E+11;2.85E+11;2.94E+11;3.26E+11;3.30E+11;3.38E+11;3.68E+11;4.03E+11;4.23E+11;4.64E+11;4.79E+11;4.94E+11;4.69E+11;4.76E+11;5.07E+11;5.32E+11;5.63E+11;5.82E+11;6.04E+11;6.22E+11
United Kingdom;1.53E+12;1.52E+12;1.52E+12;1.56E+12;1.62E+12;1.66E+12;1.70E+12;1.76E+12;1.81E+12;1.87E+12;1.94E+12;1.99E+12;2.04E+12;2.11E+12;2.17E+12;2.23E+12;2.29E+12;2.34E+12;2.33E+12;2.23E+12;2.27E+12;2.31E+12;2.34E+12;2.38E+12;2.45E+12;2.51E+12;2.55E+12
United States;9.25E+12;9.24E+12;9.57E+12;9.84E+12;1.02E+13;1.05E+13;1.09E+13;1.14E+13;1.19E+13;1.25E+13;1.30E+13;1.31E+13;1.33E+13;1.37E+13;1.42E+13;1.47E+13;1.51E+13;1.54E+13;1.53E+13;1.49E+13;1.53E+13;1.55E+13;1.59E+13;1.61E+13;1.65E+13;1.69E+13;1.72E+13
Uruguay;30604531162;31687566913;34200894299;35109798833;37666263589;37121007148;39191601246;42541575174;44463982191;43601731253;42760248082;41116488571;37937358710;38242862158;40156596309;43152331443;44920963130;47859472806;51293937810;53470593074;57643122504;60618737168;62763536419;65674219674;67801270532;68052637821;69041736294
Uzbekistan;62986674499;62676780058;55656980693;54376870134;51549272891;51085329432;51953780034;54655376594;57005557788;59456796775;61716155048;64308233565;66880562906;69689546547;75055641629;80309536547;86172132713;94721402573;1.03E+11;1.12E+11;1.21E+11;1.31E+11;1.42E+11;1.53E+11;1.65E+11;1.78E+11;1.92E+11
Vanuatu;373812289.9;385547459.7;395540913.6;398510397.8;434601042.6;438998163.3;449220038.8;471291296.6;491563731.6;493209429.1;522417511.1;504192935.7;478422532.8;498963275;518845738.2;546359361.4;592609554.7;623268288.6;663459877.3;685439081;696605442.9;705126498.6;717499705.3;731628322.6;748682624.3;742684971.4;772396636.9
Venezuela;2.87E+11;3.15E+11;3.34E+11;3.35E+11;3.27E+11;3.40E+11;3.39E+11;3.61E+11;3.62E+11;3.40E+11;3.53E+11;3.65E+11;3.33E+11;3.07E+11;3.63E+11;4.00E+11;4.40E+11;4.78E+11;5.04E+11;4.88E+11;4.80E+11;5.00E+11;5.28E+11;5.36E+11;;;
Viet Nam;99100234613;1.05E+11;1.14E+11;1.23E+11;1.34E+11;1.47E+11;1.61E+11;1.74E+11;1.84E+11;1.93E+11;2.06E+11;2.18E+11;2.32E+11;2.48E+11;2.67E+11;2.87E+11;3.07E+11;3.29E+11;3.48E+11;3.66E+11;3.90E+11;4.14E+11;4.36E+11;4.60E+11;4.87E+11;5.20E+11;5.52E+11
Yemen;40115006976;42639642472;46139332974;47985813568;51211395542;54114759714;56622961140;59584971678;63164058954;65548837262;69601011054;72248387038;75091528326;77905506896;81000456165;85529797613;88241442322;91187319301;94513440121;98167546639;1.06E+11;92285415712;94493796675;99051722974;98864822047;71086936233;64135225016
Zambia;18799289208;18792496388;18467212901;19722479971;18021328910;18543527352;19696665221;20447897509;20369020533;21316218637;22146980517;23324506297;24375511882;26068384840;27901616662;29920465760;32285287950;34981896043;37701352195;41177548222;45418096902;47945443548;51588154703;54198193616;56743246685;58400082027;60327284734
Zimbabwe;26402686728;27863225819;25351197241;25617754562;27983605109;28027826411;30931704509;31760857978;32677226038;32409984854;31418501960;31870807450;29036210372;24101484780;22701781819;21405264028;20664321873;19909386614;16391607725;17819189768;20571697289;23931563004;27188450136;28621377855;29412836431;29831655630;30038662976
