;SSP1;;;;;SSP2;;;;;SSP3;;;;;SSP4;;;;;SSP5;;;;
Pays;2005;2010;2020;2030;2040;2005;2010;2020;2030;2040;2005;2010;2020;2030;2040;2005;2010;2020;2030;2040;2005;2010;2020;2030;2040
Afghanistan;27.614718;31.4117429;39.53489979;47.67420801;55.00121769;27.614718;31.4117429;40.60214168;51.68935999;63.59875498;27.614718;31.4117429;41.88610312;56.28966427;72.8272597;27.614718;31.4117429;41.59961716;55.15309782;70.54457141;27.614718;31.4117429;39.24746865;46.5939932;52.87422261
Albania;3.1418;3.204284;3.244864356;3.226046905;3.16116226;3.1418;3.204284;3.27074212;3.300564238;3.274406672;3.1418;3.204284;3.336762446;3.484076396;3.552132178;3.1418;3.204284;3.248284075;3.225171106;3.140775485;3.1418;3.204284;3.216256547;3.147711528;3.053015128
Algeria;4.069349;7.51169;10.9485099;13.05877641;14.79825362;4.069349;7.51169;11.04287156;13.35853175;15.35700192;4.069349;7.51169;10.5501775;12.16555498;13.48818303;4.069349;7.51169;10.9852618;13.14013145;14.89310283;4.069349;7.51169;11.53821651;14.45805357;16.94968931
Andorra;;;;;;;;;;;;;;;;;;;;;;;;;
Angola;16.489021;19.081912;24.58307454;29.85125025;34.50656666;16.489021;19.081912;25.23915849;31.85515739;38.16379788;16.489021;19.081912;25.49163453;33.35682735;41.33682139;16.489021;19.081912;25.58769178;33.62633377;41.75201171;16.489021;19.081912;24.63481635;30.01394756;34.78452827
Antigua and Barbuda;;;;;;;;;;;;;;;;;;;;;;;;;
Argentina;38.681174;40.412376;43.04365326;44.61070719;45.36665165;38.681174;40.412376;43.5695352;46.15533934;48.14152679;38.681174;40.412376;44.2437124;48.3375442;52.23887388;38.681174;40.412376;43.23261215;45.01781938;45.89066446;38.681174;40.412376;42.92950773;44.2524605;44.75634417
Armenia;3.065954;3.092072;3.015861462;2.862924261;2.683808341;3.065954;3.092072;3.037883698;2.922168992;2.780048762;3.065954;3.092072;3.101517926;3.102986295;3.080996771;3.065954;3.092072;3.012051346;2.847200449;2.647316523;3.065954;3.092072;2.973481894;2.743895685;2.495000807
Australia;20.40352;22.268384;26.04394069;29.72247576;33.21493385;20.40352;22.268384;25.98729857;29.56204787;32.85768479;20.40352;22.268384;25.14021826;26.83633334;27.89756971;20.40352;22.268384;25.80708701;28.96285263;31.70577628;20.40352;22.268384;26.8448778;32.34037885;38.02542698
Austria;8.232196;8.393643975;8.734395068;9.057297161;9.322539019;8.232196;8.393643975;8.696135397;8.945992517;9.109549735;8.232196;8.393643975;8.523159176;8.402350498;8.114111363;8.232196;8.393643975;8.64491004;8.783966227;8.81123138;8.232196;8.393643975;8.868581519;9.49724782;10.13598599
Azerbaijan;8.587902;9.187783;10.02272597;10.36761805;10.49490303;8.587902;9.187783;10.13246896;10.62777301;10.9300824;8.587902;9.187783;10.18940421;10.76718381;11.18634543;8.587902;9.187783;10.01666045;10.32857107;10.37603745;8.587902;9.187783;10.05139542;10.4593847;10.6548851
Bahamas;0.319358;0.342877;0.382994418;0.412886361;0.433724569;0.319358;0.342877;0.387312254;0.425809766;0.456432857;0.319358;0.342877;0.387208625;0.424909128;0.454490126;0.319358;0.342877;0.383897212;0.414556989;0.434514809;0.319358;0.342877;0.386643367;0.424372144;0.453648027
Bahrain;0.724807;1.261835;1.861274845;2.280288612;2.660193302;0.724807;1.261835;1.882643419;2.349125627;2.796066754;0.724807;1.261835;1.807036739;2.157155835;2.497883976;0.724807;1.261835;1.870452756;2.305982877;2.69836623;0.724807;1.261835;1.956205508;2.523500359;3.051666844
Bangladesh;140.587922;148.692131;163.5429554;173.8139765;178.5194431;140.587922;148.692131;166.2256035;181.1458191;191.0923234;140.587922;148.692131;168.9888308;190.2511316;207.6000125;140.587922;148.692131;163.8852046;174.3597423;178.7986023;140.587922;148.692131;162.5750625;170.9565021;173.7444164
Barbados;0.270503;0.273331;0.277198129;0.276425645;0.26975119;0.270503;0.273331;0.278637253;0.280747339;0.277148022;0.270503;0.273331;0.279159686;0.283038009;0.279917711;0.270503;0.273331;0.276457126;0.274551651;0.265475913;0.270503;0.273331;0.27729339;0.276912543;0.270924126
Belarus;9.825102;9.595421;9.238343849;8.826809712;8.416982233;9.825102;9.595421;9.270486218;8.915450097;8.562247243;9.825102;9.595421;9.315465117;9.021543571;8.709806201;9.825102;9.595421;9.199251129;8.717575689;8.208781752;9.825102;9.595421;9.221797524;8.814808958;8.432547105
Belgium;10.414209;10.712066;11.32400688;11.93075458;12.51582735;10.414209;10.712066;11.27022236;11.77522216;12.22244097;10.414209;10.712066;11.02421149;11.00528381;10.81360473;10.414209;10.712066;11.1759676;11.47273191;11.65387052;10.414209;10.712066;11.51494506;12.55902343;13.67725462
Belize;0.280947;0.311627;0.355919577;0.380070779;0.390798788;0.280947;0.311627;0.364800439;0.403216226;0.430508608;0.280947;0.311627;0.374870645;0.440998789;0.50244856;0.280947;0.311627;0.37189205;0.426097857;0.472678134;0.280947;0.311627;0.352641758;0.365338183;0.362636052
Benin;7.633757;8.849892;11.25090274;13.52692284;15.5646602;7.633757;8.849892;11.51382;14.2535628;16.85019209;7.633757;8.849892;11.63240951;14.67263937;17.73614893;7.633757;8.849892;11.6784816;14.82082951;17.97738341;7.633757;8.849892;11.28204163;13.62297472;15.72640302
Bhutan;0.659293;0.72594;0.856182797;0.967359128;1.057501495;0.659293;0.72594;0.868861863;1.006398676;1.129274143;0.659293;0.72594;0.869892904;1.01095713;1.146149576;0.659293;0.72594;0.857503382;0.971296655;1.063198929;0.659293;0.72594;0.866002315;0.997783271;1.109318493
Bolivia;9.146655;9.929849;11.07156262;11.83548182;12.24533884;9.146655;9.929849;11.33978629;12.60292528;13.58492185;9.146655;9.929849;11.78400837;13.99832147;16.21102124;9.146655;9.929849;11.6691496;13.60339456;15.45448258;9.146655;9.929849;10.96524748;11.4744953;11.59867423
Bosnia and Herzegovina;3.781001;3.760149;3.71347417;3.607874177;3.453281684;3.781001;3.760149;3.718056035;3.632595256;3.491539188;3.781001;3.760149;3.730473757;3.655898205;3.514377499;3.781001;3.760149;3.698627417;3.566497411;3.371407124;3.781001;3.760149;3.711200917;3.608832945;3.465394433
Botswana;1.875673;2.006945;2.220141329;2.376462045;2.492191091;1.875673;2.006945;2.241843215;2.428148046;2.58862726;1.875673;2.006945;2.185740097;2.301504993;2.387058634;1.875673;2.006945;2.18135267;2.263582286;2.281770363;1.875673;2.006945;2.232662684;2.420076181;2.573097932
Brazil;185.986964;194.94647;208.2600428;215.8396746;217.9733496;185.986964;194.94647;210.7426465;222.8190887;229.8405936;185.986964;194.94647;213.251581;230.452257;243.6544803;185.986964;194.94647;209.1202978;217.3135903;219.0497684;185.986964;194.94647;207.9911079;215.0199691;216.625237
Brunei Darussalam;0.363123;0.39892;0.455017513;0.495557385;0.524755846;0.363123;0.39892;0.466367704;0.527163853;0.58045509;0.363123;0.39892;0.462037031;0.517499932;0.567707526;0.363123;0.39892;0.45490619;0.496277612;0.525302212;0.363123;0.39892;0.457051258;0.502945568;0.536720909
Bulgaria;7.739115;7.494332;7.058643731;6.70760009;6.4195971;7.739115;7.494332;7.068283427;6.753596695;6.509644716;7.739115;7.494332;7.099839527;6.782083929;6.528204314;7.739115;7.494332;7.034614199;6.638617705;6.285631743;7.739115;7.494332;7.055880004;6.754666797;6.54148117
Burkina Faso;14.198463;16.468714;20.861569;25.18247708;29.23393422;14.198463;16.468714;21.56660214;27.29089544;33.13461865;14.198463;16.468714;22.24351409;29.58535049;38.01075169;14.198463;16.468714;22.16221421;29.25417039;37.31430991;14.198463;16.468714;20.76419637;24.81091303;28.4843342
Burundi;7.251424;8.382244466;10.72446329;12.68280911;14.29323242;7.251424;8.382244466;10.8920538;13.08582371;15.05635209;7.251424;8.382244466;10.82644565;12.92958972;14.8465851;7.251424;8.382244466;11.0147069;13.50548067;15.80767413;7.251424;8.382244466;10.90268071;13.2133983;15.18517063
Cabo Verde;0.472883;0.495999;0.522755931;0.530864455;0.525116163;0.472883;0.495999;0.533006928;0.558838552;0.572151482;0.472883;0.495999;0.552245664;0.62121559;0.68323303;0.472883;0.495999;0.527164609;0.539839047;0.537544179;0.472883;0.495999;0.511634976;0.494914366;0.464250378
Cambodia;13.357574;14.138255;15.32906126;15.93127777;16.0324034;13.357574;14.138255;15.60688562;16.6599821;17.28865622;13.357574;14.138255;15.94144315;17.84263275;19.35248298;13.357574;14.138255;15.31398357;15.91601263;15.98291456;13.357574;14.138255;15.14562318;15.33767079;15.0393539
Cameroon;17.553589;19.598889;23.14958228;26.17459;28.62564472;17.553589;19.598889;23.65448885;27.31549023;30.62055625;17.553589;19.598889;24.17637748;28.84894839;33.31919647;17.553589;19.598889;24.19275327;28.88540161;33.33867344;17.553589;19.598889;23.13566934;26.12619591;28.53566166
Canada;32.283413;34.016593;37.89799087;41.82132434;45.44367864;32.283413;34.016593;37.76420046;41.38359104;44.54026687;32.283413;34.016593;36.66872462;37.8117644;37.96330119;32.283413;34.016593;37.49499612;40.48683089;42.80981131;32.283413;34.016593;38.87643116;45.10703462;51.57616213
Central African Republic;4.01788;4.401051;5.137076293;5.803834457;6.322704779;4.01788;4.401051;5.258528799;6.097162557;6.834281475;4.01788;4.401051;5.328631447;6.318506847;7.23185093;4.01788;4.401051;5.331608428;6.326468252;7.242307162;4.01788;4.401051;5.139823659;5.811990717;6.336129355
Chad;9.785902;11.227208;14.19085056;17.16867366;19.82979871;9.785902;11.227208;14.53216054;18.25462333;21.91175139;9.785902;11.227208;14.78241726;19.09246153;23.68300701;9.785902;11.227208;14.72240525;18.87046837;23.25073013;9.785902;11.227208;14.13527219;16.96581271;19.43599023
Chile;16.301726;17.113688;18.39070842;19.16674998;19.46463572;16.301726;17.113688;18.56688966;19.6856187;20.33754247;16.301726;17.113688;18.74294308;20.19944834;21.23133052;16.301726;17.113688;18.44969298;19.26757315;19.52043327;16.301726;17.113688;18.40927997;19.22416527;19.57076197
China;1307.593489;1341.335152;1371.171391;1359.512922;1308.940467;1307.593489;1341.335152;1379.229024;1380.651244;1339.586953;1307.593489;1341.335152;1385.689297;1398.878559;1368.545423;1307.593489;1341.335152;1368.806413;1349.996518;1285.916896;1307.593489;1341.335152;1370.950314;1359.188423;1308.69294
China_Taiwan;;;;;;;;;;;;;;;;;;;;;;;;;
Colombia;43.040558;46.294841;51.48137453;55.12304674;57.37034008;43.040558;46.294841;52.23309284;57.32776863;61.22450228;43.040558;46.294841;53.12304615;60.05140595;66.34614435;43.040558;46.294841;51.85178749;55.96009467;58.48574845;43.040558;46.294841;51.41108317;54.89778197;56.98083922
Comoros;0.642974;0.73475;0.862602888;0.949429776;1.013133451;0.642974;0.73475;0.901072053;1.048325954;1.187017116;0.642974;0.73475;0.942644844;1.185181148;1.445494431;0.642974;0.73475;0.934342131;1.156737323;1.389147493;0.642974;0.73475;0.855923385;0.926755292;0.970861898
Congo;3.533177;4.042899;83.88284152;5.822113758;117.503649;3.533177;4.042899;85.77145184;6.080040593;127.4273571;3.533177;4.042899;88.11516659;6.287235513;138.7483272;3.533177;4.042899;88.05551307;6.403862682;138.0153997;3.533177;4.042899;83.85291234;5.916472278;117.2414123
Congo_the Democratic Republic of the;57.420522;65.965795;4.973111677;101.7036894;6.558972678;57.420522;65.965795;5.077470425;107.3503611;7.032311362;57.420522;65.965795;5.141487169;113.3835213;7.43013893;57.420522;65.965795;5.178088191;113.1126648;7.619533028;57.420522;65.965795;5.003272346;101.5785723;6.71903832
Cook Islands;;;;;;;;;;;;;;;;;;;;;;;;;
Costa Rica;4.309413;4.658887;5.250640631;5.699868769;6.018740586;4.309413;4.658887;5.326161589;5.910526211;6.386626991;4.309413;4.658887;5.362279364;6.010182363;6.573712299;4.309413;4.658887;5.300536103;5.80439325;6.158293466;4.309413;4.658887;5.290638881;5.822129699;6.23050383
Cote d'Ivoire;18.020946;19.7378;22.51340462;24.65239321;26.15980507;18.020946;19.7378;23.15214875;26.17945832;28.75698961;18.020946;19.7378;24.16443257;29.33776806;34.46714738;18.020946;19.7378;23.95501403;28.58516405;33.03866676;18.020946;19.7378;22.27963197;23.85475767;24.70333009
Croatia;4.441986;4.40333;4.329850442;4.225136487;4.104961062;4.441986;4.40333;4.339181369;4.259337845;4.16681018;4.441986;4.40333;4.335720901;4.243233368;4.132396313;4.441986;4.40333;4.311129978;4.173795479;4.010486931;4.441986;4.40333;4.341722129;4.272875196;4.19866952
Cuba;11.254242;11.257979;11.03128649;10.56224353;9.878453836;11.254242;11.257979;11.08345738;10.69477464;10.05612416;11.254242;11.257979;11.25653968;11.17599933;10.81226836;11.254242;11.257979;11.03778832;10.53634287;9.764166226;11.254242;11.257979;10.93701887;10.2937235;9.463169564
Cyprus;1.032562;1.103647;1.241488569;1.355021884;1.444213439;1.032562;1.103647;1.247774412;1.377404966;1.484314186;1.032562;1.103647;1.234500888;1.334740775;1.410033657;1.032562;1.103647;1.23902346;1.347925855;1.428387677;1.032562;1.103647;1.262849509;1.42005134;1.55425215
Czech Republic;10.220638;10.49296;11.02250913;11.42969173;11.73665313;10.220638;10.49296;10.97191833;11.29183182;11.47777517;10.220638;10.49296;10.73377333;10.54630809;10.13327996;10.220638;10.49296;10.9043337;11.07545325;11.07818441;10.220638;10.49296;11.21367625;12.0308765;12.81936202
Denmark;5.419444;5.550142;5.836092985;6.170396118;6.487935235;5.419444;5.550142;5.806201932;6.086939581;6.33765024;5.419444;5.550142;5.68556818;5.693821569;5.60791971;5.419444;5.550142;5.760678474;5.919214804;6.009885865;5.419444;5.550142;5.930095983;6.48938236;7.092074944
Djibouti;0.808367;0.888716;1.03321137;1.149176382;1.234707074;0.808367;0.888716;1.044600448;1.181745206;1.294032056;0.808367;0.888716;1.048082156;1.206157214;1.342105435;0.808367;0.888716;1.048306874;1.204816728;1.337483028;0.808367;0.888716;1.032554787;1.145879432;1.228000748
Dominica;;;;;;;;;;;;;;;;;;;;;;;;;
Dominican Republic;9.264267;9.92732;10.8851697;11.49962203;11.78693462;9.264267;9.92732;11.06585922;12.00569751;12.69615089;9.264267;9.92732;11.33332231;12.86753244;14.3081743;9.264267;9.92732;10.96470705;11.66497415;12.00843461;9.264267;9.92732;10.80249144;11.23309035;11.32488701
Ecuador;13.426402;14.464739;16.09067541;17.22899115;17.91731769;13.426402;14.464739;16.34729437;17.97379885;19.23964413;13.426402;14.464739;16.81202873;19.34407493;21.7524736;13.426402;14.464739;16.30557741;17.68857265;18.57117122;13.426402;14.464739;16.01899725;16.9961794;17.51115516
Egypt;74.203215;81.121077;93.38150579;102.467878;109.1193236;74.203215;81.121077;94.74985311;106.6854021;116.8677768;74.203215;81.121077;96.21620912;111.6578686;126.5790363;74.203215;81.121077;93.39306662;102.4714064;108.9591894;74.203215;81.121077;93.15229631;101.7099576;107.7669308
El Salvador;6.050513;6.192993;6.286916828;6.122881583;5.822051864;6.050513;6.192993;6.383133389;6.395593296;6.290593195;6.050513;6.192993;6.67584886;7.293206144;7.839434156;6.050513;6.192993;6.321939511;6.199252441;5.93157618;6.050513;6.192993;6.117551402;5.590396549;4.939041477
Equatorial Guinea;0.607739;0.700401;0.879215682;1.048922374;1.196360592;0.607739;0.700401;0.901079124;1.097254638;1.280124269;0.607739;0.700401;0.903263003;1.104925959;1.29884569;0.607739;0.700401;0.916894577;1.148891966;1.371103209;0.607739;0.700401;0.891538526;1.087292811;1.261840997
Eritrea;4.486155;5.253676;6.733000407;8.026983162;9.22314269;4.486155;5.253676;6.925514324;8.539353975;10.19322519;4.486155;5.253676;6.849700699;8.526038505;10.28961727;4.486155;5.253676;6.893326279;8.665232885;10.52316504;4.486155;5.253676;6.767693685;8.136665069;9.411800161
Estonia;1.345857;1.34114;1.32986303;1.312244981;1.302773368;1.345857;1.34114;1.324625336;1.296963575;1.272921745;1.345857;1.34114;1.307527728;1.241943608;1.16703182;1.345857;1.34114;1.316934787;1.273734746;1.229587881;1.345857;1.34114;1.341763552;1.351665915;1.380529699
Ethiopia;74.263861;82.94953974;100.8145582;117.1233891;129.9382268;74.263861;82.94953974;103.0214106;123.9713783;142.6099658;74.263861;82.94953974;104.8139551;130.9898038;157.430008;74.263861;82.94953974;104.7603479;130.8140491;156.9390394;74.263861;82.94953974;100.5908292;116.3049689;128.4144645
European Union;;;;;;;;;;;;;;;;;;;;;;;;;
Fiji;0.822553;0.860623;0.896981872;0.893950875;0.866206827;0.822553;0.860623;0.92458053;0.960068297;0.975172299;0.822553;0.860623;0.933563417;1.009400706;1.069874618;0.822553;0.860623;0.896805142;0.895288005;0.866455723;0.822553;0.860623;0.880651821;0.844190706;0.781775877
Finland;5.244342;5.364545106;5.646057252;5.924332595;6.160758538;5.244342;5.364545106;5.617040206;5.844695797;6.011926668;5.244342;5.364545106;5.508378548;5.491076934;5.356196995;5.244342;5.364545106;5.571175869;5.685848187;5.708691169;5.244342;5.364545106;5.729776053;6.203049122;6.682571709
France;60.996506;62.78741655;66.86693013;71.02161467;75.06007655;60.996506;62.78741655;66.60912473;70.32432008;73.70742941;60.996506;62.78741655;65.4465003;66.5062374;66.5266923;60.996506;62.78741655;66.14464661;68.77466277;70.73157235;60.996506;62.78741655;67.81832058;74.24696663;81.19313627
Gabon;1.370729;1.505463;1.736566442;1.926072816;2.063367006;1.370729;1.505463;1.75945683;1.981841287;2.158095736;1.370729;1.505463;1.7838184;2.054069888;2.287374667;1.370729;1.505463;1.784981707;2.052772247;2.280452768;1.370729;1.505463;1.737539512;1.925010966;2.058780448
Gambia;1.503678;1.728394;2.121825607;2.442880524;2.700052067;1.503678;1.728394;2.18472491;2.601388718;2.975900127;1.503678;1.728394;2.238825483;2.797034384;3.356828972;1.503678;1.728394;2.228420073;2.752872042;3.260587564;1.503678;1.728394;2.109980488;2.395551148;2.603381709
Georgia;4.477006;4.352244;4.107424071;3.784271472;3.459433611;4.477006;4.352244;4.133945784;3.841959396;3.543430838;4.477006;4.352244;4.236352064;4.119404112;3.98628632;4.477006;4.352244;4.095778379;3.749400991;3.389005026;4.477006;4.352244;4.031425664;3.585553959;3.157211259
Germany;82.540739;82.30246316;82.37700715;82.57816135;82.54367774;82.540739;82.30246316;81.91020284;81.35738862;80.36692734;82.540739;82.30246316;80.55939154;76.96055135;72.28798341;82.540739;82.30246316;81.4885521;79.95426309;77.78013609;82.540739;82.30246316;83.30727533;85.77352077;88.56093934
Ghana;21.639806;24.391823;29.3090757;33.55463046;37.25162836;21.639806;24.391823;30.16143375;35.93140397;41.49993669;21.639806;24.391823;30.75713485;38.12790989;46.13367047;21.639806;24.391823;30.74634848;38.09568637;45.95969528;21.639806;24.391823;29.26273669;33.36481632;36.85476192
Greece;11.183114;11.359346;11.48781814;11.52587329;11.60883453;11.183114;11.359346;11.4302034;11.37935763;11.35058221;11.183114;11.359346;11.28365137;10.89893248;10.42222942;11.183114;11.359346;11.37299829;11.19818436;11.01012604;11.183114;11.359346;11.58983159;11.88118724;12.31609016
Grenada;;;;;;;;;;;;;;;;;;;;;;;;;
Guatemala;12.717154;14.388929;16.88136184;18.72551016;19.97884881;12.717154;14.388929;17.50523624;20.40138659;22.91096183;12.717154;14.388929;18.27752564;22.91594599;27.7676905;12.717154;14.388929;18.16071681;22.47316333;26.8628129;12.717154;14.388929;16.73915491;18.21517351;19.01351572
Guinea;9.041448;9.98159;11.46103743;12.58254083;13.299216;9.041448;9.98159;11.77812361;13.3555459;14.61265866;9.041448;9.98159;12.25925521;14.87453644;17.37954921;9.041448;9.98159;12.05659074;14.14978328;16.02051092;9.041448;9.98159;11.2599776;11.888539;11.99961996
Guinea-Bissau;1.367695;1.515224;1.76477829;1.971666527;2.133931364;1.367695;1.515224;1.811208021;2.074457519;2.306602242;1.367695;1.515224;1.847732943;2.190335407;2.510368952;1.367695;1.515224;1.841711931;2.169198513;2.470259268;1.367695;1.515224;1.758067742;1.948923922;2.092579723
Guyana;0.746235;0.754493;0.762430995;0.748738142;0.71176108;0.746235;0.754493;0.774286933;0.782223272;0.765854245;0.746235;0.754493;0.8040187;0.879697967;0.928402313;0.746235;0.754493;0.768405549;0.760983678;0.725588544;0.746235;0.754493;0.744785314;0.690905938;0.616692208
Haiti;9.347262;9.993247;10.94527857;11.5609915;11.88965595;9.347262;9.993247;11.06689817;11.90074258;12.46203963;9.347262;9.993247;11.36569546;12.84873919;14.18305477;9.347262;9.993247;11.23047735;12.37459255;13.30655687;9.347262;9.993247;10.79155091;11.05283709;10.99278841
Honduras;6.879243;7.600524;8.696787247;9.456910803;9.919930164;6.879243;7.600524;8.923784945;10.06139921;10.98739351;6.879243;7.600524;9.244707774;11.06683381;12.84252029;6.879243;7.600524;9.185155871;10.83696962;12.39155376;6.879243;7.600524;8.624684797;9.201880767;9.453698822
Hungary;10.086936;9.983645;9.783631952;9.630564838;9.457695251;10.086936;9.983645;9.728885418;9.488259794;9.201797064;10.086936;9.983645;9.57807585;9.009026749;8.335188208;10.086936;9.983645;9.684014078;9.335146211;8.915260159;10.086936;9.983645;9.891423118;9.979229748;10.08874797
Iceland;0.296743;0.320135946;0.369759675;0.416736909;0.461013682;0.296743;0.320135946;0.368744573;0.413212834;0.453515486;0.296743;0.320135946;0.358828891;0.382150296;0.396254613;0.296743;0.320135946;0.36476794;0.400560006;0.429460102;0.296743;0.320135946;0.378460871;0.444882937;0.513052273
India;1140.042863;1224.614327;1361.281154;1458.928635;1523.660289;1140.042863;1224.614327;1388.089457;1528.595194;1645.884555;1140.042863;1224.614327;1412.090248;1603.709235;1787.901745;1140.042863;1224.614327;1376.33415;1489.144466;1565.229566;1140.042863;1224.614327;1360.705885;1457.426895;1521.1824
Indonesia;227.303175;239.870937;259.2986004;270.4661076;274.520573;227.303175;239.870937;261.7048546;277.3638474;286.3139661;227.303175;239.870937;264.2141201;285.081649;299.2725442;227.303175;239.870937;258.5216983;267.7705243;268.717211;227.303175;239.870937;258.8964218;269.3348023;272.6613468
Iran, Islamic Republic of;69.732007;73.97363;81.35037387;85.29531473;87.40442852;69.732007;73.97363;82.33865471;87.94997884;91.65828591;69.732007;73.97363;83.57767835;91.36118541;97.5025406;69.732007;73.97363;81.70862107;86.05787193;88.13619537;69.732007;73.97363;81.23007751;84.95974391;86.88456833
Iraq;27.359461;31.671591;39.55194402;46.72915064;53.11126163;27.359461;31.671591;40.7723034;50.17447416;59.5345637;27.359461;31.671591;42.35384924;55.60840784;70.30457386;27.359461;31.671591;42.21992143;55.11743706;69.26053209;27.359461;31.671591;39.4405075;46.31494119;52.29506521
Ireland;4.158042;4.4699;5.052398185;5.560931526;6.056159274;4.158042;4.4699;5.036743465;5.5133676;5.955771445;4.158042;4.4699;4.925221059;5.154494517;5.284938827;4.158042;4.4699;4.991608033;5.371562912;5.683602061;4.158042;4.4699;5.151209936;5.881843389;6.656458478
Israel;6.604572;7.4184;9.226245502;11.02572537;12.82467253;6.604572;7.4184;9.236617159;11.05026103;12.85953375;6.604572;7.4184;8.934825371;10.10493644;11.13967267;6.604572;7.4184;9.114744221;10.63793524;12.03018951;6.604572;7.4184;9.509965519;11.94571437;14.54680579
Italy;58.671206;60.550848;62.00594228;62.69598573;63.34872436;58.671206;60.550848;61.70174103;61.95392772;62.02248308;58.671206;60.550848;60.55608363;58.53568515;55.86639287;58.671206;60.550848;61.41243505;60.98902771;60.21381769;58.671206;60.550848;62.89220969;65.37308511;68.19653033
Jamaica;2.681653;2.741052;2.791663788;2.757369436;2.65563935;2.681653;2.741052;2.836290518;2.879722844;2.859032285;2.681653;2.741052;2.925615305;3.17372145;3.375719925;2.681653;2.741052;2.799605467;2.772560629;2.671131065;2.681653;2.741052;2.736797198;2.583038436;2.366384784
Japan;126.392944;126.53592;125.4825501;122.3723456;118.2935053;126.392944;126.53592;124.812548;120.4098133;114.7544099;126.392944;126.53592;123.2105004;115.4743767;105.8439747;126.392944;126.53592;124.1466772;118.3993516;111.1469075;126.392944;126.53592;126.4258868;125.3692473;123.7834789
Jordan;5.342002;6.187227;7.862273005;9.439683034;10.83333758;5.342002;6.187227;7.993064754;9.855413794;11.63331206;5.342002;6.187227;7.994765496;9.933568629;11.88195054;5.342002;6.187227;8.106260531;10.29820767;12.51383215;5.342002;6.187227;7.983313711;9.81260304;11.46650743
Kazakhstan;15.171805;16.026367;17.39834673;18.16656086;18.64206721;15.171805;16.026367;17.59049644;18.69446537;19.58072346;15.171805;16.026367;17.73976209;19.13159368;20.39680219;15.171805;16.026367;17.36080311;18.05053905;18.38169363;15.171805;16.026367;17.39400681;18.19959967;18.70373103
Kenya;35.614576;40.512682;49.71603773;57.97425757;65.1648672;35.614576;40.512682;50.65755137;60.59331379;70.03535175;35.614576;40.512682;52.53434108;66.20527832;80.85038479;35.614576;40.512682;52.1387871;64.99547542;78.3582258;35.614576;40.512682;49.55266056;57.34033913;63.85866708
Kiribati;;;;;;;;;;;;;;;;;;;;;;;;;
Korea, Democratic People's Republic of;23.745941;24.346229;25.16274455;25.321605;24.79924266;23.745941;24.346229;25.39601933;25.9022886;25.66409755;23.745941;24.346229;25.48543365;26.33870739;26.40170925;23.745941;24.346229;25.08992054;25.12104735;24.36823332;23.745941;24.346229;25.16387208;25.32535884;24.80971253
Korea, Republic of;47.044126;48.183584;49.59029387;50.28266889;49.90433081;47.044126;48.183584;49.37755506;49.66064722;48.63018578;47.044126;48.183584;48.90773906;48.00708895;45.4196932;47.044126;48.183584;49.1337652;48.84403855;47.20897979;47.044126;48.183584;49.90543775;51.32509133;51.81731566
Kuwait;2.264014;2.736732;3.541177205;4.243048099;4.886135086;2.264014;2.736732;3.584267393;4.386213014;5.165719136;2.264014;2.736732;3.503069655;4.154027035;4.804359863;2.264014;2.736732;3.550633934;4.270175942;4.92228211;2.264014;2.736732;3.656264067;4.580420086;5.445350329
Kyrgyzstan;5.042381;5.334223;5.74554415;5.912118247;5.93305943;5.042381;5.334223;5.839475549;6.160790627;6.36704867;5.042381;5.334223;5.996312143;6.6573347;7.242274922;5.042381;5.334223;5.747374906;5.908796852;5.908740717;5.042381;5.334223;5.659697997;5.650300759;5.492097631
Lao People's Democratic Republic;5.753341;6.200894;6.930638507;7.422458981;7.646660677;5.753341;6.200894;7.066441747;7.802130349;8.303702813;5.753341;6.200894;7.225665745;8.33466687;9.244942174;5.753341;6.200894;7.178670874;8.164918953;8.936731563;5.753341;6.200894;6.879686609;7.250698097;7.350785991
Latvia;2.305528;2.25206;2.121793382;2.007520557;1.903213568;2.305528;2.25206;2.123783103;2.019916125;1.925016205;2.305528;2.25206;2.133311338;2.036665373;1.943639296;2.305528;2.25206;2.112321889;1.981509919;1.854233962;2.305528;2.25206;2.118523164;2.007590393;1.912765047
Lebanon;4.05242;4.227597;4.499685642;4.670472043;4.73076806;4.05242;4.227597;4.540407113;4.799682352;4.941200205;4.05242;4.227597;4.58956919;4.94953556;5.198255519;4.05242;4.227597;4.502993878;4.672571081;4.710200536;4.05242;4.227597;4.494019005;4.653974215;4.711960464
Lesotho;2.065752;2.171317966;2.342043868;2.46651797;2.528074419;2.065752;2.171317966;2.369225606;2.520673205;2.611923981;2.065752;2.171317966;2.37576663;2.557855136;2.694768645;2.065752;2.171317966;2.366877957;2.530507102;2.648442292;2.065752;2.171317966;2.330541222;2.431833245;2.471913472
Liberia;3.182539;3.994122;5.579183987;7.10416361;8.510696964;3.182539;3.994122;5.751968712;7.585341767;9.393377455;3.182539;3.994122;5.691242524;7.476718097;9.341037009;3.182539;3.994122;5.840365888;7.949426428;10.1590872;3.182539;3.994122;5.723979144;7.542798266;9.254724426
Libyan Arab Jamahiriya;5.769709;6.355112;7.349799635;7.982456954;8.486672782;5.769709;6.355112;7.46146746;8.304549169;9.060550869;5.769709;6.355112;7.54949522;8.616035555;9.677199434;5.769709;6.355112;7.352130949;8.017024935;8.551215964;5.769709;6.355112;7.337016635;7.941901633;8.413194431
Liechtenstein;;;;;;;;;;;;;;;;;;;;;;;;;
Lithuania;3.415748;3.323611;3.179244222;3.01588302;2.828724484;3.415748;3.323611;3.189557827;3.050705622;2.879462361;3.415748;3.323611;3.224544679;3.151036853;3.038522755;3.415748;3.323611;3.166553546;2.980691718;2.760481743;3.415748;3.323611;3.160513471;2.963323049;2.746714735
Luxembourg;0.457197;0.507448;0.595045719;0.680987278;0.766950339;0.457197;0.507448;0.59304174;0.675891016;0.756654954;0.457197;0.507448;0.570017436;0.603005141;0.625146417;0.457197;0.507448;0.58948144;0.662372942;0.729083293;0.457197;0.507448;0.61679662;0.750502636;0.892733574
Macedonia, the former Yugoslav Republic of;2.038109;2.060155697;2.1182357;2.166693386;2.208286719;2.038109;2.060155697;2.12674091;2.196053568;2.258626453;2.038109;2.060155697;2.127620505;2.181321545;2.215440162;2.038109;2.060155697;2.112263205;2.149886089;2.172936685;2.038109;2.060155697;2.126072873;2.207893917;2.298157371
Madagascar;17.885967;20.713819;25.92115591;30.64346199;34.56288483;17.885967;20.713819;26.86854626;33.26989938;39.50247819;17.885967;20.713819;27.38290834;35.41527781;43.81356139;17.885967;20.713819;27.43626033;35.59876319;44.11732362;17.885967;20.713819;25.91512753;30.61572176;34.50274501
Malawi;12.822587;14.900841;19.44960118;24.28847424;29.19296831;12.822587;14.900841;20.01957645;26.2277011;33.26885811;12.822587;14.900841;20.35887565;27.73200997;37.01873349;12.822587;14.900841;20.3363267;27.63074456;36.69019631;12.822587;14.900841;19.42550609;24.17063592;28.91246585
Malaysia;26.100241;28.401017;32.54650387;35.90014843;38.39906858;26.100241;28.401017;32.94511354;37.16091324;40.65759902;26.100241;28.401017;33.32641498;38.51952144;43.25161346;26.100241;28.401017;32.57450588;35.97113672;38.41365067;26.100241;28.401017;32.59625738;36.04932259;38.64759324
Maldives;0.29524;0.315885;0.357866614;0.389079095;0.409466307;0.29524;0.315885;0.362328106;0.402955123;0.433290906;0.29524;0.315885;0.366413491;0.415847608;0.456613547;0.29524;0.315885;0.35839334;0.390522438;0.411326458;0.29524;0.315885;0.357794609;0.38883774;0.409122521
Mali;13.176642;15.369809;19.6184908;23.74059381;27.47280874;13.176642;15.369809;20.34408931;25.780815;31.1176101;13.176642;15.369809;20.93000414;27.64291053;34.84735239;13.176642;15.369809;20.85847966;27.36217601;34.27676328;13.176642;15.369809;19.5421547;23.45505975;26.90457216
Malta;0.409295;0.416515;0.432041227;0.439678428;0.43775762;0.409295;0.416515;0.433184339;0.444388943;0.446144247;0.409295;0.416515;0.43166853;0.439275412;0.437478691;0.409295;0.416515;0.430502828;0.435115247;0.428781027;0.409295;0.416515;0.434895075;0.448641656;0.453055303
Marshall Islands;;;;;;;;;;;;;;;;;;;;;;;;;
Mauritania;3.047249;3.459773;4.175564747;4.740609377;5.17736901;3.047249;3.459773;4.269427234;5.026367851;5.721548157;3.047249;3.459773;4.327024549;5.27699406;6.206254315;3.047249;3.459773;4.337718498;5.309797873;6.257527661;3.047249;3.459773;4.181356336;4.757665239;5.204858356
Mauritius;1.256742;1.299172;1.357392774;1.394320794;1.403691513;1.256742;1.299172;1.366542483;1.426049006;1.460508193;1.256742;1.299172;1.374720556;1.450005069;1.500530891;1.256742;1.299172;1.356321429;1.389292249;1.390854144;1.256742;1.299172;1.35846055;1.399259599;1.416053144
Mexico;106.483757;113.423047;124.2303062;131.0050339;134.1261732;106.483757;113.423047;126.182754;136.7472642;144.29812;106.483757;113.423047;128.7986719;145.5178825;160.857;106.483757;113.423047;124.8178305;132.4291448;136.0608763;106.483757;113.423047;123.2221601;127.7611159;128.5041232
Micronesia, Federated States of;;;;;;;;;;;;;;;;;;;;;;;;;
Moldova, Republic of;3.766876;3.572885;3.186553591;2.820744201;2.468628851;3.766876;3.572885;3.196966589;2.84953801;2.510596327;3.766876;3.572885;3.289488355;3.088786358;2.876597421;3.766876;3.572885;3.177660518;2.791356064;2.411468372;3.766876;3.572885;3.113294175;2.633842771;2.190963153
Monaco;;;;;;;;;;;;;;;;;;;;;;;;;
Mongolia;2.547339;2.756001;3.09546429;3.281385007;3.387549827;2.547339;2.756001;3.142358403;3.410563372;3.611767138;2.547339;2.756001;3.202143404;3.582636733;3.918398716;2.547339;2.756001;3.109419318;3.309288143;3.411725876;2.547339;2.756001;3.086231764;3.25348995;3.340453747
Morocco;30.392473;31.951412;34.0935568;34.94720498;34.83400971;30.392473;31.951412;34.60052389;36.36671508;37.13183969;30.392473;31.951412;35.6436885;39.54556311;42.50967487;30.392473;31.951412;34.42096319;35.62156939;35.66110571;30.392473;31.951412;33.68889247;33.66953052;32.67360684
Mozambique;20.770013;23.390765;27.8569277;31.96916489;35.30569572;20.770013;23.390765;28.63830299;33.80149266;38.46935814;20.770013;23.390765;28.9727145;35.19886141;41.19364932;20.770013;23.390765;28.96969936;35.15044829;41.04430314;20.770013;23.390765;27.83893374;31.8751891;35.09239083
Myanmar;46.321162;47.963012;49.46973848;49.28327207;47.61178976;46.321162;47.963012;50.16341548;51.09630194;50.5153342;46.321162;47.963012;50.92212565;53.53498873;54.5013536;46.321162;47.963012;49.71026909;49.73451194;48.00920897;46.321162;47.963012;49.19725203;48.46468922;46.29316317
Namibia;2.079951;2.283289;2.614845428;2.878656199;3.069121247;2.079951;2.283289;2.640717224;2.946366049;3.181484071;2.079951;2.283289;2.658295626;3.020100176;3.324476704;2.079951;2.283289;2.65990495;3.021962811;3.315428558;2.079951;2.283289;2.613361639;2.872434912;3.05773035
Nauru;;;;;;;;;;;;;;;;;;;;;;;;;
Nepal;27.281945;29.959364;34.90707762;39.01551877;42.0925101;27.281945;29.959364;35.75592644;41.27241307;46.10469183;27.281945;29.959364;36.81692289;44.64755688;52.56196321;27.281945;29.959364;36.79579334;44.50581941;52.20305822;27.281945;29.959364;34.83357829;38.73799935;41.57475892
Netherlands;16.305457;16.612988;17.32779396;18.07514035;18.69105361;16.305457;16.612988;17.26357594;17.88425108;18.30955298;16.305457;16.612988;16.98987434;16.96309933;16.56090717;16.305457;16.612988;17.15069524;17.49847676;17.57951924;16.305457;16.612988;17.53796442;18.81344721;20.11571805
New Zealand;4.134117;4.368136;4.858292207;5.307855934;5.700171095;4.134117;4.368136;4.851529862;5.279569138;5.632778913;4.134117;4.368136;4.750091691;4.95737447;5.036403611;4.134117;4.368136;4.814102879;5.164319717;5.418893088;4.134117;4.368136;4.948194393;5.601326076;6.251569504
Nicaragua;5.424336;5.788163;6.234509227;6.399944987;6.360080408;5.424336;5.788163;6.365539706;6.754050528;6.969018816;5.424336;5.788163;6.639274685;7.595430604;8.476148148;5.424336;5.788163;6.332814604;6.606733361;6.652731869;5.424336;5.788163;6.112192574;6.00623692;5.681660982
Niger;12.993884;15.511953;20.8812891;26.74589036;32.97464974;12.993884;15.511953;21.81613641;29.81621453;39.68069412;12.993884;15.511953;22.41254184;32.57707376;46.26462912;12.993884;15.511953;22.38486156;32.44612894;45.94332745;12.993884;15.511953;20.85286362;26.6143443;32.66870345
Nigeria;139.82334;158.4231819;197.8469081;240.766834;285.9593729;139.82334;158.4231819;201.5290704;252.7241736;310.6216907;139.82334;158.4231819;205.7350939;268.2757272;345.2919577;139.82334;158.4231819;205.6157628;267.9336153;344.1746374;139.82334;158.4231819;197.6304664;239.9767311;284.3963382
Niue;;;;;;;;;;;;;;;;;;;;;;;;;
Norway;4.623298;4.883110934;5.447868494;6.06537012;6.664680563;4.623298;4.883110934;5.425887968;6.003519564;6.542743718;4.623298;4.883110934;5.271931479;5.5024288;5.615817784;4.623298;4.883110934;5.379856666;5.838145259;6.217138105;4.623298;4.883110934;5.582959241;6.518954123;7.511213122
Oman;2.42951;2.782435;3.268277562;3.673459796;3.982092926;2.42951;2.782435;3.382745648;3.988483659;4.543728665;2.42951;2.782435;3.330387848;3.894598454;4.41753981;2.42951;2.782435;3.273505589;3.707298939;4.040132425;2.42951;2.782435;3.286834838;3.736197748;4.085410023
Pakistan;158.645463;173.593383;202.2689021;225.2256584;242.0431312;158.645463;173.593383;207.3406366;239.6842608;267.9787703;158.645463;173.593383;212.3320713;256.6062385;300.3680844;158.645463;173.593383;211.5979461;254.2640932;295.9904146;158.645463;173.593383;201.4970186;222.8151815;237.7979705
Palau;;;;;;;;;;;;;;;;;;;;;;;;;
Panama;3.238321;3.51682;3.964649379;4.308095532;4.540035193;3.238321;3.51682;4.021978975;4.476725849;4.845635149;3.238321;3.51682;4.068958808;4.641161256;5.169589705;3.238321;3.51682;3.986425989;4.358265067;4.605146119;3.238321;3.51682;3.970176562;4.320976509;4.558296934
Papua New Guinea;6.095437;6.858266;8.093911276;9.072672293;9.795200152;6.095437;6.858266;8.239850198;9.542603736;10.66133501;6.095437;6.858266;8.355371727;9.984757856;11.49956687;6.095437;6.858266;8.371187887;10.03113457;11.56731868;6.095437;6.858266;8.093757807;9.071628188;9.792613704
Paraguay;5.897816;6.454548;7.35147273;8.011341576;8.447567421;5.897816;6.454548;7.501793327;8.426785748;9.189578423;5.897816;6.454548;7.65506329;8.942059916;10.14892258;5.897816;6.454548;7.632270229;8.861018812;9.991427379;5.897816;6.454548;7.325221217;7.923512207;8.291656242
Peru;27.558769;29.076512;30.97540282;31.740176;31.66870689;27.558769;29.076512;31.43896919;33.04140248;33.84905068;27.558769;29.076512;32.36333907;35.93001246;38.99795669;27.558769;29.076512;31.20678035;32.22691413;32.28976223;27.558769;29.076512;30.55281017;30.39637016;29.3663968
Philippines;85.546427;93.260798;107.6987232;119.4679101;127.9409817;85.546427;93.260798;109.7051097;125.3555615;138.6174653;85.546427;93.260798;112.0484423;133.1688715;153.4366189;85.546427;93.260798;111.8568229;132.6481251;152.3296248;85.546427;93.260798;107.4368294;118.6703002;126.4568709
Poland;38.16504;38.27666;38.54644498;38.31361801;37.46788909;38.16504;38.27666;38.40953205;37.88869387;36.58571847;38.16504;38.27666;37.94702649;36.43373437;33.91482872;38.16504;38.27666;38.228855;37.32464871;35.57412528;38.16504;38.27666;38.87215709;39.30222048;39.2017499
Portugal;10.543663;10.675572;10.95120777;11.19683681;11.44753959;10.543663;10.675572;10.9099874;11.08236081;11.23377201;10.543663;10.675572;10.70238266;10.43412351;10.05036038;10.543663;10.675572;10.85132536;10.90202198;10.89619879;10.543663;10.675572;11.11159707;11.72469504;12.42633226
Qatar;0.820986;1.758793;2.540789971;2.97716956;3.343815393;0.820986;1.758793;2.562370152;3.044673728;3.474979633;0.820986;1.758793;2.449585879;2.789786758;3.090475002;0.820986;1.758793;2.544081753;2.985841969;3.353524034;0.820986;1.758793;2.670526804;3.273133044;3.794713747
Romania;21.771749;21.486371;20.70484077;19.71664832;18.62663789;21.771749;21.486371;20.7658492;19.91520322;18.93469835;21.771749;21.486371;20.95578729;20.38111021;19.65487541;21.771749;21.486371;20.6898308;19.62177672;18.35446507;21.771749;21.486371;20.66021223;19.6048969;18.46350175
Russian Federation;143.843159;142.958164;141.2426001;137.8068956;134.6301123;143.843159;142.958164;141.9685597;139.6321969;137.7922695;143.843159;142.958164;141.7825709;138.2706138;135.2573905;143.843159;142.958164;140.8883618;136.6408817;132.1242853;143.843159;142.958164;142.0014714;140.6822429;139.8766616
Rwanda;9.201727;10.624005;13.37639028;15.81293305;18.12307683;9.201727;10.624005;13.74940916;16.82663938;19.98049398;9.201727;10.624005;14.04244447;17.7688034;21.87693684;9.201727;10.624005;14.04757957;17.76842041;21.82435976;9.201727;10.624005;13.37462522;15.78799639;18.03887242
Saint Kitts and Nevis;;;;;;;;;;;;;;;;;;;;;;;;;
Saint Lucia;;;;;;;;;;;;;;;;;;;;;;;;;
Saint Vincent and the Grenadines;;;;;;;;;;;;;;;;;;;;;;;;;
Samoa;0.180237;0.183081;0.182932755;0.176337221;0.164447855;0.180237;0.183081;0.18664993;0.186420079;0.180977083;0.180237;0.183081;0.196777503;0.221561804;0.244446621;0.180237;0.183081;0.189528463;0.19622631;0.197773608;0.180237;0.183081;0.176600704;0.158301065;0.134602603
San Marino;;;;;;;;;;;;;;;;;;;;;;;;;
Sao Tome and Principe;;;;;;;;;;;;;;;;;;;;;;;;;
Saudi Arabia;24.041116;27.448086;34.27384962;40.373098;45.78690548;24.041116;27.448086;34.7464097;41.86129986;48.6107027;24.041116;27.448086;34.70829009;41.8454454;49.05807011;24.041116;27.448086;35.34067289;43.95324308;52.71904993;24.041116;27.448086;34.89087863;42.28887417;49.04129258
Senegal;10.871908;12.433728;15.03793821;17.07429917;18.64894387;10.871908;12.433728;15.65129128;18.79081429;21.7599617;10.871908;12.433728;16.3557985;21.14060343;26.32719813;10.871908;12.433728;16.26370126;20.77115644;25.55762148;10.871908;12.433728;14.93559601;16.69586216;17.91169713
Serbia and Montenegro;9.856152;9.856222;9.703214825;9.619969501;9.534091545;9.856152;9.856222;9.731764649;9.7302544;9.726621339;9.856152;9.856222;9.756077239;9.748541113;9.722712899;9.856152;9.856222;9.680740502;9.547191115;9.373310627;9.856152;9.856222;9.726200904;9.744119534;9.796634919
Seychelles;;;;;;;;;;;;;;;;;;;;;;;;;
Sierra Leone;5.153435;5.867536;7.164110507;8.367125429;9.41452058;5.153435;5.867536;7.323422255;8.754974105;10.11765187;5.153435;5.867536;7.369723147;8.946812203;10.49084938;5.153435;5.867536;7.410490804;9.07572795;10.70177161;5.153435;5.867536;7.201217651;8.482085673;9.608080133
Singapore;4.265999;5.086418;5.706345283;6.027236702;6.272591155;4.265999;5.086418;5.719274786;6.08763753;6.373328599;4.265999;5.086418;5.636499786;5.899786509;6.020118604;4.265999;5.086418;5.691663172;5.979314691;6.164533585;4.265999;5.086418;5.810021149;6.267557772;6.684986036
Slovakia;5.415496;5.462119;5.625590504;5.728441116;5.737299069;5.415496;5.462119;5.606795834;5.668724634;5.612733614;5.415496;5.462119;5.518970531;5.38934495;5.100068737;5.415496;5.462119;5.574182741;5.570783989;5.441055274;5.415496;5.462119;5.691249838;5.937796229;6.114249115
Slovenia;2.002084;2.02968;2.102948806;2.160202653;2.216100219;2.002084;2.02968;2.094062233;2.134662139;2.16721088;2.002084;2.02968;2.053387112;1.999891695;1.913505193;2.002084;2.02968;2.0815822;2.095655123;2.093525453;2.002084;2.02968;2.134619358;2.268844464;2.42423583
Solomon Islands;0.469805;0.538148;0.647277983;0.733884299;0.801804631;0.469805;0.538148;0.663826586;0.780447423;0.887310825;0.469805;0.538148;0.677989862;0.828312726;0.977682829;0.469805;0.538148;0.678709785;0.830202395;0.979517171;0.469805;0.538148;0.647136147;0.733048334;0.799738611
Somalia;8.359859;9.330872;10.86990695;12.04522363;12.86880545;8.359859;9.330872;11.23455205;13.18441799;14.93384226;8.359859;9.330872;11.84393301;15.27079617;19.02136307;8.359859;9.330872;11.64027152;14.5091019;17.51788068;8.359859;9.330872;10.66608416;11.33426679;11.52736322
South Africa;47.792787;50.132817;54.70911002;58.46833928;61.03486514;47.792787;50.132817;54.79699581;58.58541839;61.25391408;47.792787;50.132817;54.00857137;57.006709;59.42275075;47.792787;50.132817;54.13225185;56.45540946;57.07010834;47.792787;50.132817;55.11549785;59.71899282;63.13876732
Spain;43.395441;46.076989;48.94179172;50.70543913;52.66060113;43.395441;46.076989;48.7690211;50.20777957;51.67463991;43.395441;46.076989;47.69662988;47.15788154;46.17389648;43.395441;46.076989;48.51790419;49.50862528;50.34970287;43.395441;46.076989;49.851939;53.35407759;57.47100826
Sri Lanka;19.842536;20.859949;22.08677064;22.46724041;22.41322611;19.842536;20.859949;22.43842077;23.43567871;24.0755193;19.842536;20.859949;22.63398857;24.25673718;25.696694;19.842536;20.859949;22.07468472;22.49687792;22.42769499;19.842536;20.859949;21.94956587;22.05253353;21.70539129
Sudan;38.41032;43.551941;52.9683848;60.98607357;67.24094571;38.41032;43.551941;54.18525382;64.51155107;73.96911936;38.41032;43.551941;55.03501015;67.89530555;80.51245479;38.41032;43.551941;55.13157421;68.17929341;80.95600209;38.41032;43.551941;53.04290405;61.18914642;67.54530108
Suriname;0.499294;0.524636;0.563330023;0.58779397;0.598431147;0.499294;0.524636;0.571916093;0.612657258;0.641745216;0.499294;0.524636;0.580943175;0.64411651;0.699645307;0.499294;0.524636;0.566944812;0.596578177;0.61023974;0.499294;0.524636;0.560726656;0.579086655;0.583874506
Swaziland;1.104909;1.186056;1.320325179;1.417403524;1.481654674;1.104909;1.186056;1.325316049;1.426757314;1.495762653;1.104909;1.186056;1.336269437;1.4489139;1.537977803;1.104909;1.186056;1.332309933;1.436741874;1.516723088;1.104909;1.186056;1.316456112;1.405670028;1.46308525
Sweden;9.029345;9.37968465;10.23396833;11.12285137;11.95978845;9.029345;9.37968465;10.18554314;10.9862776;11.70510177;9.029345;9.37968465;9.912099648;10.11902539;10.1266984;9.029345;9.37968465;10.09390023;10.67595674;11.10934464;9.029345;9.37968465;10.46140402;11.87490513;13.36220022
Switzerland;7.415007;7.664318;8.129831615;8.597881938;9.037347446;7.415007;7.664318;8.100975263;8.51937815;8.879291719;7.415007;7.664318;7.94447338;7.997862696;7.884974932;7.415007;7.664318;8.058013834;8.368431053;8.593667335;7.415007;7.664318;8.263571235;9.050320478;9.903007259
Syrian Arab Republic;18.484122;20.410606;23.69730444;26.49675357;28.55329736;18.484122;20.410606;24.17723198;27.930171;31.13421235;18.484122;20.410606;24.69890131;29.79298215;34.66809999;18.484122;20.410606;24.66354713;29.64396161;34.33082225;18.484122;20.410606;23.65212403;26.30808695;28.18697615
Tajikistan;6.45324;6.878636985;7.404115304;7.567880157;7.446429413;6.45324;6.878636985;7.543765425;7.943070557;8.098047383;6.45324;6.878636985;7.85534954;9.01568626;9.980332916;6.45324;6.878636985;7.644519586;8.295898376;8.714058659;6.45324;6.878636985;7.201778843;6.900752153;6.2902937
Tanzania_United Republic of;38.831024;44.841226;56.30622014;67.35693579;77.36240244;38.831024;44.841226;58.36208113;73.02622878;88.10289979;38.831024;44.841226;59.85713719;78.3469738;98.92006646;38.831024;44.841226;59.74015278;77.89585914;97.93058615;38.831024;44.841226;56.08587734;66.5574116;75.79083438
Thailand;66.698483;69.122234;72.33697964;73.60048496;72.93726726;66.698483;69.122234;72.84574373;75.01772066;75.21928257;66.698483;69.122234;73.0457449;75.69798332;76.46807293;66.698483;69.122234;72.27048765;73.26389861;72.01125891;66.698483;69.122234;72.63268833;74.53925536;74.5645622
Timor-Leste;1.010367;1.124355;1.342418021;1.523913699;1.643753377;1.010367;1.124355;1.376648498;1.650802984;1.88260847;1.010367;1.124355;1.459856147;1.956304738;2.498713344;1.010367;1.124355;1.418084473;1.78463234;2.15246827;1.010367;1.124355;1.303766361;1.384762726;1.374273553
Togo;5.408044;6.027798;7.168350089;8.184548952;8.993373092;5.408044;6.027798;7.277196116;8.469813126;9.523062951;5.408044;6.027798;7.331661095;8.710839396;9.976649708;5.408044;6.027798;7.328207039;8.696787698;9.948399319;5.408044;6.027798;7.164030435;8.168143907;8.961949531
Tonga;;;;;;;;;;;;;;;;;;;;;;;;;
Trinidad and Tobago;1.315386;1.341465;1.357615793;1.327518946;1.269093809;1.315386;1.341465;1.371520092;1.360374427;1.318999436;1.315386;1.341465;1.39171508;1.417330347;1.412201667;1.315386;1.341465;1.360124967;1.328917598;1.262791128;1.315386;1.341465;1.347335532;1.299658477;1.226124165
Tunisia;9.912114;10.480934;11.3738476;11.88628796;12.07983725;9.912114;10.480934;11.47456186;12.20556645;12.59584214;9.912114;10.480934;11.59506412;12.55649666;13.19966955;9.912114;10.480934;11.36719589;11.86262705;11.98869551;9.912114;10.480934;11.36157051;11.85259892;12.02916308
Turkey;68.143186;72.752325;79.81022065;84.35402275;86.99001381;68.143186;72.752325;81.01219185;87.76859584;92.74941737;68.143186;72.752325;82.61936847;92.42352901;101.0040689;68.143186;72.752325;80.94132907;86.94461371;90.57631431;68.143186;72.752325;79.78074533;84.26940376;86.87730962
Turkmenistan;4.747839;5.041995;5.512476068;5.778114364;5.87352838;4.747839;5.041995;5.594621721;6.00878884;6.259635286;4.747839;5.041995;5.696557362;6.32461859;6.803805416;4.747839;5.041995;5.514336264;5.772228733;5.838246671;4.747839;5.041995;5.477011211;5.667754552;5.689783556
Tuvalu;;;;;;;;;;;;;;;;;;;;;;;;;
Uganda;28.431204;33.424683;43.74838738;54.83220116;66.23474056;28.431204;33.424683;45.46132046;59.96103068;76.34458019;28.431204;33.424683;47.00592971;65.14342159;87.39650993;28.431204;33.424683;46.95597611;64.93150503;86.87436328;28.431204;33.424683;43.63947729;54.41189445;65.36694728
Ukraine;46.923927;45.448329;42.80795879;40.69096682;39.07375628;46.923927;45.448329;42.93916776;41.09393932;39.81433053;46.923927;45.448329;43.02046527;40.97015598;39.36829023;46.923927;45.448329;42.65808799;40.23528086;38.19415028;46.923927;45.448329;42.88344886;41.23226808;40.2466175
United Arab Emirates;32.888449;35.468208;39.9530753;42.91197863;44.76144055;32.888449;35.468208;40.52761893;44.51855336;47.43680991;32.888449;35.468208;41.26000521;46.82842861;51.5696999;32.888449;35.468208;40.14315832;43.3567272;45.28647991;32.888449;35.468208;39.86468625;42.63734967;44.29420753
United Kingdom;60.202727;62.03557;66.42368951;70.61665884;74.53053574;60.202727;62.03557;66.20860473;70.03671295;73.39580234;60.202727;62.03557;64.89447559;65.80290963;65.50102241;60.202727;62.03557;65.68159043;68.25161255;69.98797923;60.202727;62.03557;67.50359458;74.18238175;81.33042656
United States;296.820296;310.383948;336.7222791;363.6862342;388.8009028;296.820296;310.383948;335.7508949;361.0294333;383.2334782;296.820296;310.383948;328.7737701;337.3472851;338.9179407;296.820296;310.383948;333.6340308;353.7653665;369.195741;296.820296;310.383948;342.9444024;384.8229838;428.7015691
Uruguay;3.322529;3.368786;3.390146593;3.344733879;3.244375641;3.322529;3.368786;3.426018951;3.449323106;3.418200708;3.322529;3.368786;3.481190239;3.624569557;3.733386982;3.322529;3.368786;3.398436002;3.359406148;3.253945235;3.322529;3.368786;3.363145611;3.261703766;3.106134989
Uzbekistan;25.947414;27.444702;29.70099195;30.82408682;31.04410599;25.947414;27.444702;30.16343942;32.08390022;33.08944665;25.947414;27.444702;30.87826867;34.34805019;36.96900825;25.947414;27.444702;29.73043564;30.84019707;30.92456438;25.947414;27.444702;29.36443816;29.76399691;29.28239133
Vanuatu;0.21117;0.239651;0.28750789;0.327423409;0.35926481;0.21117;0.239651;0.293777374;0.345903404;0.393374559;0.21117;0.239651;0.299319011;0.364608944;0.428910765;0.21117;0.239651;0.299733948;0.365908973;0.430757501;0.21117;0.239651;0.287498159;0.327348931;0.359078399
Venezuela;26.664122;28.979857;32.68376031;35.37773814;37.12342039;26.664122;28.979857;33.20331331;36.86414159;39.72868626;26.664122;28.979857;33.85026152;38.70037109;43.08076828;26.664122;28.979857;33.06276779;36.15379091;38.11334033;26.664122;28.979857;32.70512255;35.44089936;37.22861991
Viet Nam;83.161145;87.84844499;95.48263693;99.29935349;100.2347131;83.161145;87.84844499;96.40842798;101.9577946;104.6503851;83.161145;87.84844499;97.48841232;105.1339999;110.0423878;83.161145;87.84844499;95.44747467;99.16910277;99.68877016;83.161145;87.84844499;95.22465367;98.5467569;99.03110389
Yemen;20.648643;24.052514;31.05695377;37.18313107;42.69360966;20.648643;24.052514;31.97571735;40.18942378;48.51207437;20.648643;24.052514;32.79607647;43.79470605;55.92528053;20.648643;24.052514;32.80197036;43.70464524;55.59458513;20.648643;24.052514;30.94318828;36.7578524;41.8580035
Zambia;11.462365;13.08857;16.39466155;19.71112492;22.9038155;11.462365;13.08857;16.96830904;21.36776759;25.90562784;11.462365;13.08857;17.81014426;23.69419912;30.55855043;11.462365;13.08857;17.77610652;23.54839751;30.20122815;11.462365;13.08857;16.33430129;19.49075408;22.46610644
Zimbabwe;12.570686;12.571454;12.90428779;12.96340869;12.69763322;12.570686;12.571454;13.07504493;13.32696573;13.31017222;12.570686;12.571454;13.52046102;14.79083064;15.74344531;12.570686;12.571454;13.11848592;13.59799206;13.82391857;12.570686;12.571454;12.51827217;11.81809806;10.80329719
